Steps,Policy/Entropy,Policy/Learning Rate,Policy/Extrinsic Value Estimate,Policy/Extrinsic Reward,Environment/Cumulative Reward,Environment/Episode Length,Losses/Value Loss,Losses/Policy Loss
1000,1.7895739,0.00019999995,0.4600877,93.66730938194429,93.66730907225478,127.53676470588235,128.04195,0.035665523
2000,1.7568443,0.00019999995,1.5560293,118.25931481225992,118.25931474987792,125.34567901234568,166.7214,0.03167745
3000,1.695311,0.00019999995,3.6330702,132.78571082490265,132.7857109402748,122.79617834394904,230.22868,0.037281137
4000,1.662195,0.00019999995,5.502231,150.00680168108508,150.00680149959695,126.49350649350649,336.22266,0.03087698
5000,1.6191607,0.00019999995,7.0427923,144.0373583980644,144.03735792197807,116.68823529411765,304.83942,0.03528338
6000,1.5699272,0.00019999995,8.5145,175.13048138635025,175.1304816681384,136.25694444444446,314.35413,0.035333134
7000,1.5403068,0.00019999995,9.609462,182.49374568377826,182.49374561025533,135.11347517730496,371.37842,0.0322014
8000,1.5439898,0.00019999995,11.385018,194.2417533661638,194.24175303104585,140.92142857142858,375.35828,0.035501525
9000,1.5255244,0.00019999995,13.118785,170.89847766997798,170.89847729067378,128.59602649006624,360.0241,0.035145253
10000,1.4824425,0.00019999995,14.507932,211.395904031015,211.3959043990602,147.37593984962405,335.34216,0.03625821
11000,1.4613342,0.00019999992,15.190253,194.58067214571767,194.5806727914295,134.03472222222223,368.74927,0.036177166
12000,1.4332557,0.0001999999,16.46198,255.64324969409878,255.64325053299024,163.72649572649573,398.8662,0.038135797
13000,1.3921034,0.0001999999,16.501247,225.9299633079105,225.92996288724893,150.31851851851852,467.26135,0.03732737
14000,1.3626492,0.0001999999,17.442318,247.01254962943494,247.01254937720728,157.3671875,449.85547,0.036705162
15000,1.372351,0.0001999999,17.860415,232.00747854022657,232.00747883160648,151.29661016949152,428.5942,0.03208571
16000,1.3349235,0.0001999999,18.67327,305.58835518078985,305.58835496177727,191.62264150943398,394.23047,0.037518077
17000,1.3169289,0.0001999999,18.952799,230.49912470848693,230.49912402429635,150.37692307692308,425.08493,0.03352739
18000,1.279914,0.0001999999,21.234516,316.14307365855393,316.1430721880289,196.91836734693877,467.48108,0.032447193
19000,1.2489097,0.0001999999,22.023836,304.0370369141752,304.0370370526979,182.36363636363637,482.87482,0.031360067
20000,1.209017,0.0001999999,22.119139,295.5995713279361,295.5995712327818,179.46666666666667,425.4671,0.034059674
21000,1.136875,0.0001999999,22.788166,262.9176693900739,262.917667632691,163.2076923076923,405.43597,0.03520544
22000,1.1034168,0.0001999999,22.898787,281.46160473059683,281.4616038110489,175.70873786407768,448.26892,0.035492454
23000,1.0814406,0.0001999999,23.61408,303.8420672323726,303.8420682483718,187.41284403669724,479.53046,0.036042206
24000,1.077256,0.0001999999,24.263882,333.5446535469306,333.5446539523891,198.93939393939394,421.472,0.03749849
25000,1.0546045,0.0001999999,25.273893,258.5123299270117,258.5123303737692,157.99159663865547,444.118,0.03854256
26000,1.0555574,0.0001999999,26.762302,373.35923922205546,373.3592374482619,219.75903614457832,428.09467,0.03314645
27000,1.0502166,0.0001999999,27.823193,415.18348856628694,415.1834911435037,235.8987341772152,460.92038,0.032443184
28000,0.9896051,0.0001999999,28.56447,466.83396550627316,466.83396347232645,260.81176470588235,458.95966,0.032698132
29000,0.9426704,0.00019999988,29.197027,337.43590944624964,337.4359094030985,195.25531914893617,423.0001,0.036720913
30000,0.9365384,0.00019999986,29.76663,436.5903517549688,436.5903510112401,248.2077922077922,491.03546,0.031914473
31000,0.9315647,0.00019999986,30.47898,556.4974654217561,556.4974661627634,305.1333333333333,536.7821,0.035912395
32000,0.93434036,0.00019999986,30.905275,499.1414480069104,499.14144762310025,281.7352941176471,527.1432,0.032965496
33000,0.94036645,0.00019999986,32.820522,472.12541635632516,472.1254171169603,266.775,424.45535,0.033786446
34000,0.96309054,0.00019999986,32.89548,572.4850465213099,572.4850456520484,324.85483870967744,502.61023,0.03405233
35000,0.97188276,0.00019999986,34.70527,625.7741471230984,625.7741477914736,345.3125,463.75946,0.034207292
36000,0.99778587,0.00019999986,35.310307,467.3206100785543,467.3206114299923,257.85714285714283,463.87622,0.029074274
37000,0.9750026,0.00019999986,36.13451,641.1536679198776,641.1536680890574,343.0144927536232,466.2151,0.035978213
38000,0.96977454,0.00019999986,36.600613,542.2557102817556,542.2557081712321,312.80434782608694,511.5938,0.03320068
39000,0.96234864,0.00019999986,37.632404,756.8821092636689,756.8821081358337,408.2826086956522,441.43118,0.033544227
40000,0.98753697,0.00019999986,38.56869,763.4474266044637,763.4474267763803,400.1489361702128,431.4108,0.03417291
41000,1.002974,0.00019999986,38.31819,750.3438401985914,750.3438417046534,401.765625,426.78278,0.035476662
42000,0.9903073,0.00019999986,39.065918,535.8101085500111,535.8101091309904,293.12698412698415,475.00323,0.034781754
43000,0.9963947,0.00019999986,40.22122,752.17333753407,752.173340050479,413.35,448.86996,0.035137083
44000,1.0059539,0.00019999983,41.360027,851.6284113818026,851.6284130196839,457.02127659574467,428.59048,0.03156622
45000,1.0425802,0.00019999983,42.556973,683.297052948035,683.2970580759443,360.1320754716981,410.62225,0.034551807
46000,1.0650706,0.00019999983,43.31986,819.150526380539,819.1505264734878,442.525,444.38202,0.029926512
47000,1.0505061,0.00019999983,46.193592,898.6253730174034,898.6253722602189,460.5806451612903,460.94434,0.030482166
48000,1.0546489,0.00019999983,47.98289,1047.094075453587,1047.094075074325,543.4871794871794,421.06506,0.032819808
49000,1.0495878,0.00019999983,48.18006,1022.6918180305511,1022.6918171333372,534.5272727272727,403.28796,0.034224458
50000,1.0553223,0.00019999983,49.556396,662.9012703039707,662.9012736163833,353.2564102564103,380.50275,0.034808178
51000,1.060451,0.00019999983,51.121433,637.4061772227287,637.4061771892602,336.1875,475.22122,0.032631118
52000,1.0652074,0.00019999983,51.234,939.2203143608002,939.2203164624519,488.9047619047619,427.4668,0.035595484
53000,1.0322343,0.00019999975,51.68411,1003.1634798029013,1003.1634775535836,525.6140350877193,445.60934,0.0342426
54000,1.006228,0.00019999975,53.785927,807.7543035662452,807.7543028962759,414.8837209302326,461.0301,0.031332627
55000,1.0207868,0.00019999975,53.230366,640.8819566196865,640.8819543902177,340.55555555555554,394.3236,0.03571123
56000,1.0053974,0.00019999972,55.267212,937.9837269215357,937.983723449271,493.0,414.9862,0.038147777
57000,1.0376196,0.00019999972,55.200066,873.362404291747,873.3624049522649,462.4754098360656,413.4278,0.031029522
58000,1.0044911,0.00019999972,57.371193,674.1824844757716,674.1824878516753,372.3,424.69226,0.036742385
59000,1.0379815,0.00019999972,58.905354,767.7805925186942,767.7805907274633,412.0882352941176,359.28796,0.031664178
60000,1.0266484,0.00019999972,59.27079,703.844632886705,703.8446338871789,367.2857142857143,332.41458,0.032307778
61000,1.0348858,0.00019999972,59.007465,1068.8522988453744,1068.852299300143,553.063492063492,428.41278,0.033177014
62000,1.0365758,0.00019999972,61.6029,828.0929434369592,828.0929506194043,437.05882352941177,339.31757,0.030978471
63000,1.0560945,0.00019999972,62.26687,819.5165401867458,819.5165420692047,434.48571428571427,372.72345,0.032055765
64000,1.0638189,0.00019999972,62.37601,735.7970060690856,735.7970068213241,389.5128205128205,432.65857,0.036622174
65000,1.069612,0.00019999972,64.14632,1135.2687302629154,1135.2687335737317,584.3333333333334,303.90393,0.036889948
66000,1.0755862,0.00019999972,65.33877,639.539009295977,639.5390042658928,342.97435897435895,326.08527,0.03620265
67000,1.0760576,0.00019999972,68.259575,735.8582464027405,735.8582462944581,393.96,349.34045,0.033075236
68000,1.0644909,0.00019999969,69.30205,746.3752761518253,746.3752756480509,388.7352941176471,371.83417,0.03131492
69000,1.0714325,0.00019999967,69.80218,1743.7580608141188,1743.7580660880874,875.8235294117648,332.08218,0.027752977
70000,1.0849407,0.00019999967,70.004036,611.3605423009757,611.3605420662785,319.93939393939394,386.96393,0.036506727
71000,1.0857493,0.00019999967,71.355316,828.5746689265774,828.5746711818398,443.48387096774195,336.29398,0.0344258
72000,1.0666438,0.00019999967,71.96569,637.066823972596,637.066825555557,344.9166666666667,327.5062,0.031874247
73000,1.0373755,0.00019999967,73.85893,1945.3156191621508,1945.3156201947693,971.952380952381,294.9527,0.033986375
74000,1.0431482,0.00019999967,74.30824,581.4485368172328,581.4485375977927,324.93333333333334,345.96478,0.03353721
75000,1.0504377,0.00019999967,75.661575,527.6861211265837,527.6861164992836,290.37142857142857,337.8362,0.032802776
76000,1.0434513,0.00019999967,77.14652,693.3218021001135,693.3218001129865,370.4,280.72617,0.03290448
77000,1.025673,0.00019999967,77.561874,1797.7306660676002,1797.7306627759494,908.34,269.88193,0.030023983
78000,1.0365428,0.00019999967,79.54722,685.6166994110231,685.6166950288041,365.2258064516129,293.93292,0.03300996
79000,1.0523357,0.00019999967,81.07586,854.6518816454657,854.6518796182879,456.9310344827586,310.65045,0.033858694
80000,1.054804,0.00019999967,81.37462,535.9381568020788,535.9381590182792,296.7931034482759,285.3753,0.036710303
81000,1.0606291,0.00019999967,84.172005,2036.242457455532,2036.2424576080928,1026.0454545454545,325.96167,0.0384159
82000,1.0571359,0.00019999967,85.13805,630.6664759210638,630.6664719339586,332.13513513513516,285.58435,0.028643869
83000,1.0509485,0.00019999966,84.50574,397.58577471826135,397.5857740217237,222.390243902439,266.41925,0.03497377
84000,1.0598702,0.00019999966,86.28463,542.9493886402676,542.949389290817,302.22857142857146,269.41296,0.035899
85000,1.0444087,0.00019999966,88.27575,2070.4738907969518,2070.473883873258,1025.4782608695652,230.28291,0.03618051
86000,1.0509629,0.00019999965,89.41018,576.3492005109787,576.3492025434937,302.3333333333333,285.46835,0.03525179
87000,1.0604744,0.00019999965,89.01703,861.85229105589,861.8522933774902,437.5581395348837,313.08493,0.032494802
88000,1.0584147,0.00019999965,89.63591,562.2712193546873,562.2712227290707,317.7878787878788,344.234,0.0328096
89000,1.0620303,0.00019999965,92.198395,1902.4729444980621,1902.4729458877846,944.4318181818181,299.45404,0.032977812
90000,1.059886,0.00019999965,94.7745,788.5339612293243,788.5339671363449,413.92,327.9968,0.035405062
91000,1.038133,0.00019999965,96.432755,616.6876702378778,616.6876706372534,334.8235294117647,251.49916,0.035708256
92000,1.0352077,0.00019999965,98.66236,501.5989255428314,501.59892842307977,278.3,239.06538,0.032012288
93000,1.0060372,0.00019999965,97.45524,1657.7835575609372,1657.7835570544678,831.4655172413793,239.10632,0.03259164
94000,0.96606493,0.00019999965,98.81392,925.4712721934685,925.4712692980468,506.5,290.32858,0.036533177
95000,0.9686576,0.00019999965,99.616844,602.7273293669159,602.7273282837898,329.05405405405406,270.11777,0.03520021
96000,0.9706046,0.00019999965,102.03211,913.3037547005547,913.3037484321178,478.3703703703704,250.09436,0.027339894
97000,0.9651772,0.00019999965,101.075294,1262.1411998377691,1262.1412007321915,647.3225806451613,294.935,0.03377629
98000,0.9733545,0.00019999965,105.08814,532.5464013179143,532.5464036877189,289.8,238.16281,0.036916085
99000,0.98186487,0.00019999965,102.020546,545.0444231090091,545.044423098257,306.3333333333333,311.4438,0.035434403
100000,0.97933555,0.00019999963,105.315056,680.847318983078,680.847320969992,372.57142857142856,301.12286,0.036898717
101000,0.9700382,0.0001999996,105.24823,1767.9036467610574,1767.9036536205772,892.1836734693877,236.76538,0.03622714
102000,0.94668555,0.0001999996,106.4171,508.2738061466733,508.2738050916247,288.4864864864865,263.1447,0.03201628
103000,0.97019064,0.0001999996,106.50575,831.1515065027135,831.1515072377549,449.07142857142856,306.09796,0.033618
104000,0.9925891,0.0001999996,111.17514,753.3692917751544,753.3692945145888,399.4848484848485,242.53687,0.036772918
105000,0.96383446,0.0001999996,108.95539,1402.1146379899978,1402.1146471565653,714.16,225.10999,0.031805735
106000,0.9792703,0.0001999996,111.4898,550.6216817147591,550.6216816326514,298.02941176470586,242.8247,0.0339292
107000,0.9937876,0.0001999996,112.1539,543.7022859982081,543.7022855089784,275.62857142857143,381.94144,0.036885656
108000,1.014484,0.0001999996,113.0945,626.9145471324791,626.9145432927975,331.86486486486484,297.523,0.038150944
109000,1.0362619,0.0001999996,111.55216,1547.4425065361086,1547.442501205446,795.8524590163935,393.49078,0.03843464
110000,1.032408,0.0001999996,113.16246,633.5627637787869,633.5627652269038,355.7105263157895,361.2917,0.03407778
111000,1.042436,0.0001999996,114.57301,528.0412517488003,528.0412511509141,283.95454545454544,361.38065,0.034397513
112000,1.0400723,0.0001999996,116.05739,481.4627443338052,481.462746591138,277.56410256410254,268.0578,0.03410732
113000,1.036202,0.00019999957,116.27342,1537.7127288692095,1537.7127242836457,768.1509433962265,408.36758,0.036531847
114000,1.0185326,0.00019999957,118.58483,588.0409305542707,588.0409288795669,329.25,316.05176,0.038869657
115000,0.99043596,0.00019999954,122.178825,904.6864892673492,904.6864872796126,449.92,271.17578,0.037881322
116000,0.9836311,0.00019999949,120.959145,687.304120121331,687.3041219316348,365.17241379310343,180.206,0.037699405
117000,0.99371487,0.00019999949,118.438324,1415.4477907547584,1415.4477947345206,716.5076923076923,241.72562,0.03732991
118000,1.0000871,0.00019999949,120.73326,629.4251641806434,629.4251677770071,345.61764705882354,281.8712,0.030153798
119000,1.0047351,0.00019999949,123.647316,717.7963019878633,717.796294001692,390.5483870967742,308.14926,0.030102018
120000,1.0020914,0.00019999949,125.662,730.6667432376316,730.6667401267874,383.85714285714283,235.28409,0.034069154
121000,1.0210706,0.00019999949,123.77408,1549.3584922598857,1549.3584852344607,793.7058823529412,344.2832,0.035764806
122000,1.0285358,0.00019999949,124.74527,745.5049876408143,745.5049874381713,404.969696969697,292.13507,0.030676126
123000,1.0270402,0.00019999949,124.6242,665.8680464186167,665.8680430364244,357.89473684210526,332.80954,0.0378577
124000,1.0433817,0.00019999949,125.68096,470.25912330150607,470.25912467717,257.7142857142857,219.03578,0.033550624
125000,1.0303982,0.00019999949,125.79583,1586.4436861636505,1586.4436890085312,803.188679245283,225.43091,0.03124968
126000,1.0246682,0.00019999949,127.3747,672.7245795695405,672.7245805162753,358.94736842105266,242.33469,0.036927294
127000,1.0245748,0.00019999947,126.998955,551.8914872988274,551.89148750688,306.7894736842105,339.64383,0.03464237
128000,1.0008888,0.00019999946,128.44714,752.1600354330408,752.1600345644399,399.52777777777777,303.75952,0.034667302
129000,0.98994315,0.00019999946,129.54877,1395.6333691841617,1395.6333729082378,706.8518518518518,300.56854,0.0327008
130000,1.0290862,0.00019999946,130.1155,642.8582919902271,642.8582917276773,360.1388888888889,201.04233,0.04051595
131000,1.0503144,0.00019999946,128.68675,855.5321556651279,855.532159306975,459.63157894736844,569.9757,0.033743612
132000,1.070668,0.00019999946,130.80302,549.1802157560984,549.1802153433446,303.5952380952381,469.7309,0.03106746
133000,1.0708842,0.00019999946,134.20432,1480.8413233742597,1480.8413216991194,747.6938775510204,266.68146,0.036576852
134000,1.0371836,0.00019999946,132.85649,467.8706320489154,467.8706302432504,267.94117647058823,307.76147,0.03446041
135000,1.0273787,0.00019999946,132.55435,692.1733545405524,692.1733550569645,371.5952380952381,310.03107,0.034348056
136000,1.0218047,0.00019999946,133.59468,473.3028165628744,473.3028157107955,265.74418604651163,314.726,0.038943708
137000,1.0242053,0.00019999946,136.9803,1483.2377765343108,1483.2377689155132,746.1206896551724,272.54175,0.034846768
138000,1.0325688,0.00019999946,136.62985,552.3152742876727,552.3152716848339,304.3235294117647,221.34128,0.034046564
139000,1.0562851,0.00019999944,135.62193,547.4865995783073,547.4865995831412,293.7692307692308,293.2682,0.037663493
140000,1.049883,0.00019999943,139.40985,550.0278485198816,550.027853311152,297.93333333333334,286.89136,0.038180895
141000,1.0275784,0.00019999943,138.49382,1899.9102111957511,1899.910212574643,949.5102040816327,194.12811,0.032482855
142000,1.0373355,0.00019999943,142.34937,758.5465356847819,758.5465310949777,392.7647058823529,243.85309,0.035819236
143000,1.0363867,0.00019999943,138.2375,468.6229063304695,468.622906557564,265.64864864864865,365.7312,0.035585314
144000,1.0072212,0.00019999943,140.04288,749.540235593915,749.5402352936012,408.75,308.06027,0.03412394
145000,0.99613,0.00019999943,139.46971,1464.6241634686787,1464.624161419077,737.4,431.4839,0.034170285
146000,0.9854439,0.00019999943,137.10944,660.2288185365317,660.2288214189366,360.2682926829268,513.4405,0.032622397
147000,0.98312986,0.00019999943,143.27693,701.8875823219618,701.8875784860644,374.1666666666667,249.68489,0.039402246
148000,1.0078813,0.00019999943,143.84859,518.9328562137154,518.9328562908195,285.0,253.51114,0.033056494
149000,1.0115145,0.00019999943,141.6799,1449.8591026062593,1449.8591065325647,735.8666666666667,309.92676,0.03353417
150000,0.9703818,0.00019999943,140.94502,508.29217623963075,508.29217571322636,296.79411764705884,463.69022,0.03506018
151000,0.952121,0.00019999943,141.08858,439.81591377258303,439.81591601792354,247.75,282.33572,0.036171276
152000,0.9430103,0.00019999943,144.73291,610.5186899538551,610.518688168574,317.2142857142857,268.38776,0.03112588
153000,0.9665675,0.00019999943,142.01952,1772.9490233461063,1772.9490249893886,884.074074074074,404.91513,0.03753504
154000,0.98210764,0.00019999943,145.14323,648.2162526556424,648.2162492528838,337.25714285714287,431.6818,0.0329731
155000,0.98544407,0.00019999943,145.903,751.9306443134943,751.9306440247742,404.3703703703704,260.20074,0.03955069
156000,0.9956343,0.00019999943,146.6621,865.1616841629148,865.1616828674049,462.0625,231.41425,0.035654835
157000,0.991575,0.00019999943,145.9574,1700.54721642375,1700.5472142448748,864.2,327.95438,0.03521628
158000,0.9869275,0.00019999943,144.03229,573.3906541883946,573.3906548901942,313.5,567.8623,0.03609525
159000,0.9619907,0.00019999943,144.21213,823.7589870377591,823.7589839684872,439.94736842105266,484.11276,0.03283925
160000,0.95997804,0.0001999994,147.52116,849.9130126743605,849.913018025544,449.3939393939394,384.5899,0.035120472
161000,0.96985734,0.00019999937,144.10065,1084.846968406631,1084.8469717599735,559.4677419354839,417.23712,0.03572277
162000,0.93953896,0.00019999937,146.59116,607.7383632251194,607.7383652946288,339.37142857142857,435.5666,0.034387145
163000,0.9364025,0.00019999937,148.2263,543.0925540536642,543.092554906702,287.275,426.11456,0.032322004
164000,0.9347952,0.00019999937,146.09647,630.6236735999585,630.6236751532068,344.225,457.67365,0.0349684
165000,0.919771,0.00019999937,147.43753,1571.1911037631755,1571.191108208512,773.4716981132076,398.547,0.031798825
166000,0.8946073,0.00019999937,146.66142,538.9088656177391,538.9088672998605,304.56756756756755,450.08527,0.035670884
167000,0.85862046,0.00019999937,147.49147,657.0481491573155,657.0481490094916,355.96875,632.61926,0.029616382
168000,0.8152191,0.00019999937,146.46133,537.800990451466,537.8009924298765,296.6363636363636,369.72284,0.034898866
169000,0.8268918,0.0001999993,149.49016,2130.430743824352,2130.4307467812973,1043.590909090909,245.53235,0.03449388
170000,0.891115,0.00019999927,148.10599,609.3501009912718,609.3500963000408,335.26190476190476,381.2633,0.036258966
171000,0.9189226,0.00019999927,146.99107,728.4187108675638,728.4187054934637,408.8484848484849,439.95303,0.038063332
172000,0.91753405,0.00019999925,150.06296,784.6657670525943,784.6657686236674,409.4117647058824,434.7887,0.031910203
173000,0.918276,0.00019999924,147.60066,1354.188550817339,1354.18855183938,680.1754385964912,430.7749,0.032335814
174000,0.9103995,0.00019999924,147.17227,594.3110586032271,594.311061665747,329.72222222222223,480.31836,0.03626251
175000,0.9165482,0.00019999924,149.49423,576.8875561919477,576.8875557545612,322.52777777777777,533.7693,0.035223994
176000,0.9010922,0.00019999924,151.77687,707.7807911826718,707.7807895112053,376.0,387.68292,0.038754858
177000,0.94967186,0.00019999924,148.38867,1526.326903693378,1526.3269118474652,763.75,460.83115,0.033053286
178000,0.9238783,0.00019999924,149.2026,761.6131694800144,761.6131729992607,390.6756756756757,458.31586,0.035439163
179000,0.91825056,0.00019999924,150.61418,520.4353768681035,520.4353750683034,293.0,335.7303,0.03334471
180000,0.92418206,0.00019999924,149.66321,750.2998689638601,750.2998674397362,409.7837837837838,424.84253,0.03670458
181000,0.90469253,0.00019999924,149.82155,1321.0026060188638,1321.0026045086054,663.3448275862069,455.60693,0.034174204
182000,0.9204724,0.00019999924,150.66864,518.83502034739,518.835022151814,269.7674418604651,309.28326,0.03461255
183000,0.9161809,0.00019999924,154.91187,801.5937766144352,801.5937717695788,410.83870967741933,359.2728,0.034350496
184000,0.9132643,0.00019999922,153.03503,704.8820446133614,704.8820458733089,361.5952380952381,436.90735,0.035673313
185000,0.9118454,0.00019999921,154.38371,1725.2427380292313,1725.2427455239128,863.6739130434783,292.9559,0.03847
186000,0.86792034,0.00019999921,152.35182,730.4314460290802,730.4314514993572,374.02777777777777,629.68744,0.03704927
187000,0.9111428,0.00019999921,154.64961,544.3914010729109,544.391401645514,294.8,326.1853,0.03517562
188000,0.9261929,0.00019999921,153.47676,932.7549119179065,932.7549153216258,488.12820512820514,409.05408,0.036078036
189000,0.9632694,0.00019999921,151.76106,1264.4949201993775,1264.4949194905082,631.7719298245614,465.47144,0.031056672
190000,0.9602351,0.00019999921,156.49338,672.5451629326261,672.5451593551193,361.13793103448273,367.78342,0.0313973
191000,0.96013856,0.00019999921,153.91019,712.9290834086282,712.9290870768334,378.9428571428571,304.82623,0.03585376
192000,0.9553001,0.00019999921,157.10136,792.3567288943699,792.3567337001931,418.85714285714283,311.54224,0.03841733
193000,0.93329954,0.00019999921,152.84502,1380.597321718458,1380.597323478975,682.6507936507936,358.91638,0.035594553
194000,0.96060574,0.00019999921,153.5019,870.187903034687,870.1879067717275,453.725,432.44073,0.033941075
195000,0.9547069,0.00019999921,152.16365,430.2437454053649,430.2437488318211,238.5185185185185,517.5414,0.03440535
196000,0.93613976,0.00019999921,156.41437,896.362067372371,896.3620675155704,440.15384615384613,762.329,0.03564563
197000,0.9483378,0.00019999921,153.91296,1082.977395061861,1082.9773968242691,550.9473684210526,494.3858,0.036673196
198000,0.9422449,0.00019999921,155.4238,494.5244730169123,494.5244700474008,279.90909090909093,383.71143,0.03538768
199000,0.9633899,0.0001999992,156.69873,981.7416835842711,981.741679168618,517.7575757575758,489.03323,0.02889285
200000,0.945598,0.00019999918,150.80801,588.7422651000645,588.7422654071614,336.7826086956522,577.5305,0.033308093
201000,0.9407215,0.00019999918,157.33852,1232.491249888551,1232.491249560222,628.7647058823529,494.4072,0.03676814
202000,0.94608265,0.00019999918,157.54333,769.2530731984547,769.2530713304855,375.57142857142856,434.73764,0.03371732
203000,0.95724607,0.00019999918,154.95018,811.1498887353473,811.1498891180973,418.3333333333333,507.01447,0.03487525
204000,0.9549997,0.00019999918,155.23737,909.6072475115458,909.6072432052167,453.6666666666667,611.5649,0.032046344
205000,0.9727962,0.00019999918,153.01933,828.7273818790912,828.7273833356736,431.73333333333335,551.21674,0.033767715
206000,0.9610199,0.00019999918,157.78264,519.35039755404,519.3503994772148,274.65,577.031,0.03283135
207000,0.9816467,0.00019999918,158.43762,651.376108540429,651.376103588284,342.44444444444446,451.34406,0.034921546
208000,0.9433838,0.00019999918,160.3377,741.8414226770401,741.8414211955748,375.7916666666667,275.00943,0.039039478
209000,0.92365086,0.00019999918,151.84712,1549.4462343560797,1549.4462300098887,783.0535714285714,468.8374,0.03509788
210000,0.9610748,0.00019999918,158.13643,649.8084783520018,649.8084782356837,345.0571428571429,340.53192,0.02809663
211000,0.9651458,0.00019999918,153.03334,570.5026445669287,570.5026468762449,311.62745098039215,452.02908,0.03839873
212000,0.9481624,0.00019999918,159.73526,1125.1334869941077,1125.1334756959752,567.0333333333333,412.67456,0.037371732
213000,0.9696498,0.00019999918,156.20598,1335.4470397209634,1335.4470353856918,686.4285714285714,527.8789,0.034454264
214000,0.96247166,0.00019999918,152.99069,601.1050874820122,601.10509124148,329.03846153846155,561.62946,0.039625645
215000,0.9769326,0.00019999918,158.54405,450.3002440652182,450.30024281573844,256.04651162790697,534.7383,0.03287693
216000,0.9565231,0.00019999918,159.74432,809.4944945157961,809.4944990742202,406.5581395348837,461.4627,0.03787919
217000,0.9699287,0.00019999914,157.3008,1190.8937452874686,1190.8937428923214,602.5087719298245,417.16077,0.033768617
218000,0.96538836,0.00019999912,161.38583,776.1627066807869,776.1627027849521,392.35897435897436,540.25793,0.033681177
219000,0.98009413,0.00019999912,155.97543,644.3839262213025,644.3839253018648,352.265306122449,496.59497,0.036659133
220000,0.97713953,0.00019999912,158.6148,743.117938989248,743.117939620302,384.28205128205127,630.1387,0.03585411
221000,0.9841261,0.00019999912,158.20042,987.5739041859821,987.5739023542028,503.1186440677966,512.65735,0.03237983
222000,0.98103476,0.00019999912,158.42325,624.7526483504396,624.752645687323,318.10526315789474,394.73553,0.033054765
223000,0.9757986,0.00019999912,158.66081,768.4989651772711,768.4989627568042,419.8611111111111,467.8379,0.03204553
224000,0.9623822,0.00019999912,158.7027,1065.3706682450843,1065.3706698391438,572.5151515151515,550.42786,0.033083312
225000,0.97210556,0.00019999912,161.0829,1248.0409281107843,1248.0409295684365,627.1428571428571,341.81818,0.03542614
226000,0.9924595,0.00019999912,162.8908,802.0254542521068,802.0254555768207,426.0857142857143,321.6437,0.033779547
227000,0.983348,0.00019999912,158.06169,728.4098666337403,728.4098705070498,404.0,542.6826,0.042642757
228000,0.9643603,0.00019999912,158.7295,581.4894922938612,581.489495651148,310.0833333333333,329.3973,0.035628103
229000,0.9681392,0.0001999991,157.00757,1267.3274099724047,1267.3274113990226,638.3103448275862,430.79324,0.030843146
230000,0.95643824,0.0001999991,157.47748,650.8466741265478,650.846671608814,354.0810810810811,387.09546,0.0372997
231000,0.9212114,0.0001999991,157.87534,757.1168870709837,757.1168854235046,404.85,363.30734,0.038199473
232000,0.93446696,0.00019999903,157.09,1124.0909967990149,1124.090995505338,578.1190476190476,437.91364,0.029517684
233000,0.9561799,0.00019999903,158.17996,923.9066704009708,923.9066715632291,474.5964912280702,767.93146,0.035369076
234000,0.9557978,0.00019999903,155.2677,468.24587866724755,468.24587662422937,270.6530612244898,647.74384,0.032348007
235000,0.9744995,0.00019999903,157.6967,637.9299008020988,637.9298976298352,356.61538461538464,575.6323,0.037314363
236000,0.97719187,0.00019999903,156.67023,730.2235220458772,730.2235224867535,385.4222222222222,515.87177,0.03670557
237000,0.97865486,0.00019999903,157.61009,1089.6220879150649,1089.62209131404,564.3050847457627,560.7101,0.030346584
238000,0.9748667,0.00019999903,158.84264,544.4025040471807,544.402505857546,294.5531914893617,544.2169,0.032886427
239000,0.9796483,0.00019999903,160.66888,853.2418253719807,853.2418249344305,427.7631578947368,603.5242,0.035792224
240000,0.9609251,0.00019999903,158.0113,749.5878333462609,749.587831690323,398.68888888888887,454.64236,0.032942444
241000,0.95775217,0.00019999903,158.87712,931.7506184820086,931.7506227728713,480.828125,413.2965,0.032583065
242000,0.9446922,0.00019999903,162.48737,699.5979088442666,699.5979098438111,359.74285714285713,459.29095,0.031961884
243000,0.9634099,0.00019999902,163.2181,1031.5836712411933,1031.5836681743756,518.7297297297297,495.7647,0.03522294
244000,0.93252814,0.00019999898,163.69771,1107.0147746281746,1107.0147752255305,535.8717948717949,514.5524,0.033671267
245000,0.90552354,0.00019999898,160.81494,767.724175008138,767.7241774861184,400.6,541.13275,0.030553643
246000,0.90484864,0.00019999898,158.35587,705.9195588121609,705.919559363221,375.0408163265306,786.1117,0.033955146
247000,0.9319111,0.00019999898,161.62282,528.7969427016046,528.796941766642,287.53333333333336,538.2112,0.032766886
248000,0.909364,0.00019999898,160.89716,560.2913127389065,560.2913162852434,302.8837209302326,546.72546,0.036596328
249000,0.9287864,0.00019999898,161.19788,1264.8124599986606,1264.8124645387525,638.5370370370371,534.76587,0.035465498
250000,0.940122,0.00019999898,163.33342,915.2006004631519,915.2005979757303,451.425,417.97144,0.033109948
251000,0.9634513,0.00019999898,159.81607,524.040389774776,524.0403902023569,285.8780487804878,761.516,0.02968843
252000,0.96601,0.00019999898,160.30083,579.6035922143194,579.603592828599,306.68888888888887,560.5359,0.034309447
253000,0.9735897,0.00019999898,156.68881,1076.0756499138035,1076.075649755825,550.6060606060606,507.7578,0.03685762
254000,0.96590394,0.00019999898,159.16905,551.0321381303171,551.0321382813449,302.6666666666667,480.03647,0.03527886
255000,0.9517105,0.00019999898,158.14731,656.7410152688623,656.7410146577422,336.125,545.5467,0.04181403
256000,0.90388054,0.00019999898,158.4277,862.5944507905971,862.5944528159715,452.4347826086956,662.3159,0.034879975
257000,0.9301161,0.00019999898,159.2022,860.2026136481401,860.2026135401305,449.3939393939394,406.22836,0.034485817
258000,0.969158,0.00019999898,161.23367,553.55600887537,553.5560050676147,317.6666666666667,501.35535,0.036409657
259000,0.98347753,0.00019999898,157.72276,752.6796933095505,752.6796912513006,385.7659574468085,646.50574,0.03423985
260000,0.98550147,0.00019999898,160.92818,723.6279478910807,723.6279468534457,366.13513513513516,559.88477,0.034917228
261000,0.9906083,0.00019999898,162.25845,1319.8855442261695,1319.8855441809276,672.66,328.33423,0.035629533
262000,0.98940134,0.00019999895,158.67593,510.88313929324454,510.8831394402038,277.9148936170213,479.2678,0.0273633
263000,0.9816842,0.00019999895,160.3739,763.4829168625367,763.4829167859115,409.97435897435895,471.50998,0.033785865
264000,0.9775686,0.00019999895,161.15845,848.6627824811471,848.662781090949,417.75,580.72394,0.03559013
265000,0.94425535,0.00019999895,155.86836,1255.252412890566,1255.2524140715175,640.6034482758621,561.2929,0.03305483
266000,0.9211414,0.00019999895,159.05258,557.2483644864776,557.2483607823757,310.1363636363636,627.6808,0.03632981
267000,0.916658,0.00019999895,158.80295,838.5912477277046,838.5912469717551,433.83720930232556,482.69727,0.03402162
268000,0.91529125,0.00019999895,162.14908,833.61663377285,833.6166287817294,442.06060606060606,497.91742,0.038707897
269000,0.8752511,0.00019999895,157.29976,999.406901188313,999.4068972851951,520.8253968253969,617.00037,0.036025204
270000,0.87203676,0.00019999895,161.84193,659.6700866392681,659.6700857328881,339.3333333333333,751.3751,0.03335716
271000,0.82400703,0.00019999895,154.64351,657.9681031509087,657.9681023846921,367.4807692307692,670.1421,0.034087095
272000,0.8414605,0.00019999895,160.71996,820.0825244903565,820.0825257813605,414.1,633.0997,0.03138658
273000,0.9060927,0.00019999895,160.25967,772.5319975392293,772.5320017635854,408.59322033898303,538.9343,0.033059925
274000,0.88786376,0.00019999895,161.27199,635.9084982134048,635.9084962813756,335.6666666666667,647.1791,0.034634855
275000,0.8771784,0.00019999895,161.36359,714.2709492355585,714.2709512704305,366.85,445.685,0.03397823
276000,0.87382853,0.00019999893,159.00676,755.3527199004559,755.3527206046967,390.468085106383,651.30304,0.039080374
277000,0.9256854,0.00019999892,156.5062,1040.693263557222,1040.6932618125502,551.3333333333334,614.5757,0.031593274
278000,0.8807815,0.00019999892,155.41585,550.5314024353028,550.531402501267,317.22,449.44788,0.037824053
279000,0.9370314,0.00019999892,155.89879,506.82220293223855,506.82220140685297,290.22,609.2306,0.03532897
280000,0.92965275,0.00019999892,158.25597,507.16870098010355,507.1687014815434,288.9782608695652,620.457,0.034818225
281000,0.961445,0.00019999892,160.08836,1210.0189185924216,1210.0189198399592,603.344262295082,548.65186,0.034608006
282000,0.9632559,0.00019999892,161.06328,651.534729253678,651.534729235218,350.9761904761905,516.1845,0.033792455
283000,0.99189186,0.00019999892,158.41235,934.9001959562302,934.9001940763377,485.85714285714283,683.4857,0.037251763
284000,0.9633242,0.00019999892,162.15306,545.1263285689884,545.1263270340576,285.8222222222222,665.82336,0.037559845
285000,0.9469078,0.00019999887,156.5784,951.8406982333934,951.8406975645935,500.344262295082,668.6294,0.03815099
286000,0.94588906,0.00019999883,158.29211,578.4547517096996,578.4547509248907,309.16,678.5328,0.03451202
287000,0.9824327,0.00019999883,163.97054,733.842371134197,733.842375660218,373.52941176470586,689.723,0.030389164
288000,0.9962227,0.00019999883,163.0418,797.1758222518823,797.175821559972,415.02564102564105,562.58777,0.032356866
289000,0.96724486,0.00019999883,165.44955,1263.4987251455134,1263.4987232704214,617.709090909091,569.7271,0.03259995
290000,1.01812,0.00019999883,163.25636,594.4507117213273,594.4507114373658,321.8780487804878,634.8785,0.03224581
291000,0.997745,0.0001999988,161.86774,819.0307040753273,819.0307046917413,391.65384615384613,809.7031,0.032361545
292000,0.9813561,0.0001999988,161.84906,709.5326102361446,709.532609679677,360.7560975609756,795.3211,0.034163773
293000,0.9813739,0.0001999988,159.77147,903.9586528513362,903.9586509601119,449.36764705882354,681.5092,0.03672672
294000,0.9901485,0.0001999988,158.5385,588.1868621000538,588.1868594163468,317.9259259259259,563.6844,0.035205897
295000,0.99939597,0.0001999988,156.57779,605.4244104407051,605.4244119596462,342.5681818181818,864.1113,0.035605166
296000,0.991166,0.0001999988,157.15416,846.9130936528628,846.9130925549202,412.53846153846155,889.5178,0.030277066
297000,1.0173762,0.0001999988,153.7884,673.5733374201733,673.5733382361146,354.59420289855075,855.7521,0.037035175
298000,1.0284582,0.0001999988,156.60461,652.1648882548014,652.1648927958275,364.97777777777776,749.9985,0.039571203
299000,1.0061277,0.0001999988,154.26569,556.2276208389688,556.2276199814676,295.27777777777777,820.7854,0.035462376
300000,0.98555946,0.00019999877,163.87317,714.717380968125,714.717383720574,339.54347826086956,898.3292,0.039246395
301000,1.003543,0.00019999874,160.21083,926.4479296079048,926.4479297436718,467.53846153846155,649.9464,0.035638623
302000,1.0203902,0.00019999874,161.27283,730.8901849501842,730.8901824264543,383.56756756756755,603.2663,0.034287088
303000,0.97515786,0.00019999874,157.63956,653.4638619614097,653.4638614960598,354.9056603773585,764.7638,0.03612935
304000,1.0149721,0.00019999874,163.53134,578.1023891297253,578.1023890076682,295.27272727272725,615.27783,0.03378033
305000,1.0243652,0.00019999874,158.19408,1002.4984331708198,1002.4984301233368,510.04761904761904,620.96277,0.03290376
306000,1.0473298,0.00019999874,161.06285,742.3091260187136,742.3091261214608,389.61538461538464,643.6804,0.03753802
307000,1.0356902,0.00019999874,159.86351,609.4189552360392,609.4189533054463,326.8723404255319,432.62943,0.03404001
308000,1.0108455,0.00019999874,161.09448,552.3164260163903,552.3164246321965,291.7,493.77426,0.03428533
309000,0.98687625,0.00019999874,163.41258,1414.9707425044621,1414.9707442516853,703.1132075471698,530.1632,0.0361767
310000,1.0020169,0.00019999874,163.55534,625.9268902672661,625.9268925821711,331.6388888888889,757.96735,0.030253498
311000,1.0009159,0.00019999874,160.43974,625.7541301390704,625.7541298582694,319.29411764705884,453.2425,0.035788484
312000,0.9844448,0.00019999874,157.0338,648.8491614209281,648.8491600485189,343.7111111111111,728.1089,0.0345795
313000,0.9624902,0.00019999874,165.87193,1250.328674920325,1250.3286700471995,627.5471698113207,600.3491,0.038987905
314000,0.9308567,0.00019999874,163.90616,803.1295049221088,803.1295052646221,405.46153846153845,598.7239,0.03738815
315000,0.9464229,0.00019999874,155.15327,559.3530519493655,559.3530524230619,312.98039215686276,585.5197,0.034116983
316000,0.89896935,0.00019999874,163.97287,786.9255395949932,786.9255438851125,382.63157894736844,861.5048,0.036632903
317000,0.9334751,0.00019999874,162.7577,793.7210178934038,793.7210166263965,401.390625,799.03784,0.036963746
318000,0.9144426,0.00019999871,163.16833,624.8355622766195,624.8355618106337,319.8703703703704,910.11066,0.035328247
319000,0.9020666,0.0001999987,160.56046,718.5229575128427,718.5229568138082,343.89285714285717,766.576,0.034929663
320000,0.91154385,0.0001999987,159.39485,836.242110721767,836.2421082274201,433.1041666666667,885.8342,0.036869884
321000,0.93178916,0.0001999987,161.37968,666.3311799636253,666.3311796923481,359.0923076923077,833.88226,0.037440848
322000,0.9227932,0.0001999987,160.54073,462.29601377248764,462.2960132239793,250.20833333333334,989.8008,0.033234153
323000,0.969579,0.0001999987,162.72581,720.6369485287439,720.6369468703126,359.92857142857144,601.672,0.03643329
324000,0.987518,0.0001999987,163.01205,854.6812266181497,854.6812282402143,449.3235294117647,429.19275,0.035670683
325000,0.95560956,0.0001999987,159.94293,1108.9908582441142,1108.9908573634157,566.688524590164,473.5998,0.03564588
326000,0.9415561,0.0001999987,162.54265,670.8735679075832,670.8735714422476,334.7142857142857,599.7949,0.033048596
327000,0.9370299,0.0001999987,168.0247,599.1169864177704,599.1169853191467,329.43333333333334,514.53204,0.03699518
328000,0.92065716,0.0001999987,163.32011,937.2520322517345,937.2520363689395,486.6842105263158,543.54755,0.03715785
329000,0.9112086,0.0001999987,165.66634,1438.6654058916895,1438.665405936865,700.0196078431372,500.1049,0.032163307
330000,0.9211073,0.0001999987,163.53583,551.7614873600634,551.7614870414411,294.55263157894734,433.12213,0.040685296
331000,0.8544927,0.0001999987,156.93301,681.3535363177458,681.3535392729403,372.7916666666667,460.39355,0.03369188
332000,0.81765187,0.0001999987,164.6134,589.0998197793961,589.099815822996,336.84375,492.7165,0.033918284
333000,0.7827153,0.00019999867,161.54434,1193.3634414342735,1193.3634388769642,606.3538461538461,586.13635,0.040407956
334000,0.7968738,0.00019999867,167.04605,787.2954228107745,787.2954212046833,415.15384615384613,570.7185,0.034079194
335000,0.80432916,0.00019999867,161.29962,369.91846377534023,369.91846380106216,220.19607843137254,626.2494,0.03313712
336000,0.7513015,0.00019999867,161.41373,607.8433310519565,607.8433346656797,313.54545454545456,543.76794,0.032379348
337000,0.73589504,0.00019999867,159.92424,1082.230042248003,1082.2300458658729,557.3709677419355,713.4861,0.03198211
338000,0.77121407,0.00019999867,163.78387,614.2528024454912,614.2528010870168,321.8666666666667,595.62134,0.03585855
339000,0.8231378,0.00019999867,164.72653,484.7787793104847,484.77877642671456,269.6875,822.22473,0.029643033
340000,0.82238203,0.00019999867,156.90163,611.3484587647297,611.3484605411942,325.1296296296296,798.8865,0.03721907
341000,0.8670236,0.00019999867,164.58228,1112.9505531000468,1112.9505548181062,553.890625,675.9419,0.03177752
342000,0.83979857,0.00019999867,170.07457,568.4762634764547,568.4762645371317,268.04347826086956,654.9921,0.03521137
343000,0.89803773,0.00019999867,165.7317,765.8283539401988,765.8283515876714,357.0625,809.21594,0.0349392
344000,0.8994816,0.00019999867,157.28558,569.180854706054,569.1808562833088,321.4468085106383,639.9054,0.037536882
345000,0.9003634,0.00019999864,161.44853,1039.151609012636,1039.1516064592936,533.7966101694915,675.19525,0.033041622
346000,0.8828335,0.00019999864,160.38937,577.7192540200981,577.7192546410203,320.4864864864865,657.6842,0.035258263
347000,0.85649496,0.00019999864,164.33846,793.9080459684939,793.908038703153,412.86486486486484,472.68396,0.035305418
348000,0.8728287,0.00019999855,158.04144,704.0016116897265,704.0016107235992,358.8125,962.54456,0.03104236
349000,0.86975634,0.00019999855,161.85783,1153.7957364340623,1153.7957358131873,573.6166666666667,805.7726,0.038912423
350000,0.8785207,0.00019999855,162.56038,677.304049926334,677.3040453936085,344.93333333333334,644.37537,0.033055812
351000,0.87343115,0.00019999855,160.66786,551.5648456617542,551.5648468056098,283.0217391304348,821.1962,0.03911591
352000,0.8704463,0.00019999855,160.59827,604.820890340209,604.8208944673759,317.525,609.5554,0.034694195
353000,0.876849,0.00019999855,161.9688,1187.4388930970142,1187.4388892155325,586.0666666666667,549.49316,0.033276368
354000,0.86690545,0.00019999855,162.2544,816.9267619223822,816.9267627174382,407.2857142857143,684.53394,0.036516912
355000,0.8551515,0.00019999855,163.8637,628.0604117892005,628.0604118556731,322.9318181818182,744.4075,0.035378918
356000,0.8777785,0.00019999855,159.5123,598.067289288451,598.0672863963991,321.2682926829268,544.4032,0.03209994
357000,0.858601,0.00019999855,161.08098,1258.3640130041983,1258.3640113691174,628.8245614035088,518.2675,0.037968926
358000,0.88642263,0.00019999855,160.68361,583.3626435357332,583.3626448157896,300.94,893.11237,0.03040808
359000,0.90338564,0.00019999855,160.25534,638.6157948684693,638.6157944543351,329.46,859.4391,0.040438935
360000,0.87921244,0.00019999851,158.34612,551.2217981663156,551.2217986164744,310.1489361702128,761.32056,0.036791913
361000,0.8852601,0.00019999851,159.21857,1028.2335460678194,1028.233544628203,523.9848484848485,838.07263,0.03513441
362000,0.8772734,0.00019999851,164.26985,511.1876701031412,511.1876682787689,264.89285714285717,893.44507,0.03350716
363000,0.89425486,0.00019999851,157.30782,525.7100991153717,525.7100975281538,278.66,713.4267,0.033783756
364000,0.88136315,0.00019999851,161.01466,609.2987336844205,609.29873356559,310.12,889.13885,0.033310417
365000,0.89046496,0.00019999851,159.79611,1073.3727929784407,1073.3727941294308,555.3064516129032,614.3725,0.036058094
366000,0.88900477,0.00019999851,157.4998,529.49880378079,529.4988030857311,284.8070175438597,730.8457,0.03465977
367000,0.8773834,0.00019999851,166.20255,595.4413133064905,595.4413146990677,293.3095238095238,821.35706,0.033129323
368000,0.86393845,0.00019999851,162.3904,631.8380582045231,631.8380592399708,309.875,911.2272,0.034730487
369000,0.9112346,0.00019999851,159.32515,1013.075488229267,1013.0754903974627,524.4918032786885,770.9675,0.03315848
370000,0.90271014,0.00019999851,159.30495,621.5374839194119,621.5374863478843,323.9166666666667,775.3198,0.035381407
371000,0.89546967,0.00019999851,164.76689,597.1727344637567,597.1727324223456,309.70454545454544,667.6248,0.035528246
372000,0.86485595,0.00019999851,162.07281,710.0386632727642,710.0386627338402,365.70588235294116,1010.7443,0.034750458
373000,0.89635277,0.00019999851,160.74718,945.1097077602476,945.1097058122729,484.3333333333333,611.33704,0.030258924
374000,0.8920033,0.00019999851,162.76503,792.0178775773492,792.0178772921706,406.93023255813955,751.8075,0.032241985
375000,0.8686217,0.0001999985,164.69698,626.7806255944232,626.7806270478906,316.8510638297872,879.35535,0.035851404
376000,0.8782663,0.0001999985,160.04326,536.4636125209483,536.4636121255419,307.63829787234044,845.97754,0.033437178
377000,0.87529504,0.0001999985,163.02444,1127.3111160367223,1127.3111191184505,561.5593220338983,807.57715,0.035941575
378000,0.88465446,0.00019999848,162.82668,540.7266854953766,540.7266847231186,297.56,848.1826,0.036939465
379000,0.87440175,0.00019999848,157.7052,489.15602757675305,489.156026105101,270.35714285714283,903.7357,0.03431291
380000,0.89677614,0.00019999848,158.71318,630.9139940624053,630.9139955405072,344.15384615384613,1009.67163,0.038556635
381000,0.90529543,0.00019999848,163.84265,1056.1666601701215,1056.1666626495114,545.4181818181818,846.2096,0.034307186
382000,0.89233935,0.00019999848,159.28036,483.75001253990024,483.7500119843522,261.53846153846155,955.49695,0.032443017
383000,0.91072804,0.00019999848,163.06277,676.8394792699814,676.8394831806562,335.06,878.75696,0.03694281
384000,0.90036917,0.00019999848,166.08301,724.1220158604865,724.1220164615795,362.1276595744681,811.7092,0.038794577
385000,0.8978467,0.00019999848,154.02774,798.8617373250812,798.8617354779423,418.0625,859.59125,0.032076556
386000,0.86484617,0.00019999848,159.85016,482.6443851568869,482.6443866782949,268.0357142857143,1002.2902,0.03174298
387000,0.85566723,0.00019999848,161.04797,549.4398589295856,549.4398588317667,280.20338983050846,879.1678,0.03615109
388000,0.89202565,0.00019999848,163.06708,577.7391138643027,577.7391165410896,321.5,1079.3041,0.04013706
389000,0.8821642,0.00019999848,160.06206,961.8182610254735,961.81826311791,493.1875,808.8959,0.035063885
390000,0.8841957,0.00019999848,162.75458,596.0361134600639,596.0361147753266,312.2,802.8968,0.03530052
391000,0.8608777,0.00019999848,160.72516,611.8146412332852,611.8146430747081,307.6222222222222,902.24963,0.03452421
392000,0.86704654,0.00019999848,158.72345,828.5762166322731,828.5762139628542,444.780487804878,778.00806,0.035708632
393000,0.84059715,0.00019999844,162.96704,878.4137004765112,878.4137007463313,449.43283582089555,677.0956,0.03295996
394000,0.851011,0.00019999844,159.15208,758.1291581732886,758.1291554991229,378.7142857142857,888.5226,0.0365628
395000,0.8700839,0.00019999844,159.34238,624.4028459319046,624.4028470973598,342.8392857142857,821.3137,0.033739507
396000,0.84209394,0.00019999844,158.60085,453.1135311137955,453.1135315371206,240.67924528301887,791.3452,0.036305763
397000,0.82334864,0.00019999844,163.7788,902.9447319525939,902.9447298552626,463.33846153846156,741.08966,0.036357038
398000,0.84712404,0.00019999844,166.42996,583.4429606384701,583.442966307803,287.31111111111113,970.3793,0.037736386
399000,0.8404016,0.00019999844,160.1279,718.8363983797473,718.8364021126264,367.3953488372093,780.2196,0.037124164
400000,0.8510386,0.00019999844,167.60713,596.2670643796091,596.2670657165849,290.8478260869565,811.0843,0.032107532
401000,0.8619791,0.00019999841,167.20856,1262.71486483195,1262.7148675885094,626.1607142857143,725.4876,0.03175291
402000,0.84400886,0.00019999835,157.66547,557.5337757313692,557.5337806648776,288.85185185185185,1040.6339,0.03142822
403000,0.8351792,0.00019999835,162.7152,630.7065791126627,630.7065806237059,320.7307692307692,903.79626,0.034922816
404000,0.8743733,0.00019999835,155.283,547.6705332385997,547.6705315106791,309.7291666666667,739.9242,0.031075116
405000,0.85700256,0.00019999835,169.03691,1200.5880174477186,1200.588020000922,584.0357142857143,774.286,0.035296403
406000,0.8768274,0.00019999835,165.51613,704.1026825061658,704.1026812887854,355.1219512195122,844.07294,0.03733913
407000,0.843735,0.00019999835,170.14742,733.518702348496,733.5187077825921,337.8723404255319,848.12494,0.035475798
408000,0.8373171,0.00019999832,156.89337,509.2165032752134,509.2165032264102,272.5,764.7954,0.03606396
409000,0.8495241,0.00019999832,160.26527,1049.6528387281853,1049.6528400996694,546.4745762711865,854.1421,0.029998746
410000,0.8308157,0.00019999832,160.93948,580.9744637033396,580.9744646054878,292.82456140350877,939.4197,0.035535216
411000,0.84555674,0.00019999832,157.92262,559.2919162975418,559.2919140054008,318.18518518518516,895.67316,0.03873104
412000,0.84645814,0.00019999832,160.29678,624.5224396039029,624.522437166476,310.6326530612245,860.9675,0.033746496
413000,0.8111693,0.00019999832,160.59575,911.5348772586339,911.5348830696619,470.12698412698415,792.53296,0.038287155
414000,0.8350928,0.00019999832,160.19623,594.4681815416255,594.4681768543801,302.531914893617,979.6406,0.038671378
415000,0.8308865,0.00019999832,161.81503,712.1104449207132,712.110442244708,365.4727272727273,807.6199,0.035265617
416000,0.8352659,0.00019999832,161.91574,499.04953569173813,499.04953875736356,270.675,819.53156,0.033639327
417000,0.80988234,0.00019999828,161.47847,943.4755556175584,943.47555216683,459.42105263157896,962.4055,0.0327909
418000,0.82544315,0.00019999828,162.61554,581.4981064796448,581.4981097986337,300.1136363636364,752.9502,0.03203857
419000,0.8188684,0.00019999828,158.3582,815.6944081354142,815.6944095366641,431.2,901.6144,0.032651406
420000,0.8207863,0.00019999828,155.01974,513.2514255803364,513.2514235934971,272.09615384615387,789.07513,0.033457875
421000,0.8297603,0.00019999828,160.6085,897.8724276300461,897.8724280481916,454.0952380952381,697.82025,0.03481395
422000,0.8453001,0.00019999828,158.48396,613.3243152092804,613.3243207947966,314.47727272727275,979.4912,0.036603652
423000,0.8451493,0.00019999828,163.6709,559.341211849451,559.3412128258901,279.24,691.6086,0.032338016
424000,0.8275569,0.00019999828,159.4303,510.3745297436361,510.3745330742057,261.3703703703704,894.6001,0.033364773
425000,0.82664967,0.00019999828,160.15088,1226.5739221807387,1226.573925983348,618.327868852459,842.0016,0.03325063
426000,0.8380816,0.00019999828,160.95822,627.3059557864541,627.3059594753223,337.8157894736842,845.798,0.033019148
427000,0.8103096,0.00019999828,166.66893,650.0902515260073,650.0902518939312,305.1730769230769,913.0934,0.034993343
428000,0.82495457,0.00019999828,159.65393,583.0282105900803,583.0282113671258,297.9795918367347,872.031,0.03472562
429000,0.8263657,0.00019999828,159.52875,1039.8026473632226,1039.8026424963944,526.1076923076923,592.6051,0.03526433
430000,0.8380824,0.00019999828,160.3018,479.7445592387863,479.74455589153104,257.3478260869565,744.8584,0.037246257
431000,0.83275664,0.00019999828,161.89406,557.6265981569886,557.6265971493068,274.9375,812.59607,0.035689052
432000,0.8349847,0.00019999826,155.94652,587.4142498858273,587.4142513071251,323.5833333333333,779.6478,0.037694573
433000,0.82565725,0.00019999826,163.70152,1294.8627778096277,1294.8627789437935,630.7049180327868,751.9837,0.034630135
434000,0.8294597,0.00019999826,161.57907,622.3494365705384,622.3494375843562,306.4222222222222,779.38873,0.032692753
435000,0.83269566,0.00019999825,164.74525,513.7195173915552,513.7195166380852,275.59183673469386,823.13306,0.035414167
436000,0.814251,0.00019999825,152.77197,609.8168970961124,609.8168978785154,320.55357142857144,795.7129,0.035880703
437000,0.7888606,0.00019999825,155.1163,904.162682433651,904.1626826062783,461.6575342465753,787.2756,0.030147664
438000,0.8174477,0.00019999825,161.67732,676.2752845453662,676.2752837688673,346.4651162790698,910.67737,0.03503976
439000,0.80940264,0.00019999825,158.36655,460.76102868643676,460.7610265759152,254.6727272727273,863.49414,0.034866277
440000,0.8180531,0.00019999825,155.80743,508.4928749767217,508.4928743167873,281.8,922.2993,0.035300057
441000,0.818995,0.00019999825,164.61781,1134.0487494826316,1134.0487469422337,558.2833333333333,708.38873,0.03602418
442000,0.8234817,0.00019999825,168.30942,846.2235850163869,846.2235846961636,387.0,755.05884,0.033335365
443000,0.81910986,0.00019999825,162.76581,723.8912496024913,723.8912494700901,373.6136363636364,765.2073,0.03341405
444000,0.8250327,0.00019999825,155.17682,504.519205439598,504.51920411974294,293.29787234042556,699.4619,0.03466339
445000,0.81324995,0.00019999825,163.33925,1115.4950764296484,1115.4950747386154,567.983606557377,698.95953,0.034823656
446000,0.8107207,0.00019999825,161.81348,697.408146255828,697.4081504688706,341.93617021276594,916.9363,0.035342526
447000,0.82531,0.00019999825,165.11826,584.8361284590903,584.8361310213027,302.4761904761905,799.92737,0.03320601
448000,0.8093613,0.00019999825,161.64899,644.6130061864853,644.6130025830485,318.48,913.37634,0.03381721
449000,0.8182445,0.00019999823,162.81201,1142.9189553319432,1142.918956593292,564.9344262295082,837.8832,0.032588
450000,0.8169677,0.0001999982,156.76389,524.577794175457,524.5777964006068,288.6296296296296,804.67346,0.03447941
451000,0.80953103,0.0001999982,158.25203,514.6932994409611,514.6932985182683,265.7719298245614,832.4627,0.03619046
452000,0.806025,0.0001999982,161.63307,594.7000044595112,594.7000035220863,306.23636363636365,965.48926,0.036182493
453000,0.8355523,0.0001999982,161.80125,1052.344316925468,1052.3443138990838,534.8793103448276,707.3184,0.034384415
454000,0.8357835,0.0001999982,161.91928,660.6766467392445,660.6766478628532,338.6136363636364,882.92163,0.033381496
455000,0.84666884,0.0001999982,168.8445,632.1212479648541,632.1212474669127,293.6938775510204,1008.1919,0.031128757
456000,0.83969444,0.0001999982,169.52492,651.0232740446579,651.0232761801683,334.7674418604651,779.96954,0.036638953
457000,0.80765146,0.0001999982,158.85146,970.2397946135203,970.2397914817243,488.36,897.3355,0.033746302
458000,0.7557281,0.0001999982,162.53926,507.5804003893301,507.58040116948644,267.13793103448273,1057.2283,0.037617262
459000,0.8094977,0.0001999982,166.13356,528.9357826031744,528.9357801374491,274.45,988.7722,0.032983113
460000,0.8363913,0.0001999982,163.02225,636.7750620568792,636.7750604875918,326.9375,927.5432,0.031493753
461000,0.8829544,0.0001999982,159.47137,1027.8407418825734,1027.8407412060299,521.2985074626865,574.2069,0.03535005
462000,0.8429888,0.00019999818,158.67831,508.47804579826504,508.478045798637,287.7692307692308,1038.6477,0.033912208
463000,0.82266843,0.00019999818,170.92033,773.1108351264681,773.1108348293563,377.4047619047619,858.958,0.036813676
464000,0.8521528,0.00019999813,160.87155,662.8692559128007,662.8692629862906,329.5833333333333,969.2709,0.03589455
465000,0.8658885,0.00019999809,162.4755,967.4355075466099,967.4355078488849,486.92537313432837,822.8102,0.035598606
466000,0.8084023,0.00019999809,166.06465,560.7320124122003,560.7320102474474,295.9375,864.8112,0.03548441
467000,0.7613891,0.00019999809,157.3494,501.37766166203295,501.37766186313223,279.71153846153845,993.13574,0.033413976
468000,0.7245475,0.00019999809,165.87871,649.9843420673694,649.984342266799,329.19642857142856,1008.6466,0.032077048
469000,0.7703844,0.00019999809,167.93982,898.9049208435146,898.9049240887056,451.24242424242425,1010.83405,0.031860664
470000,0.8622993,0.00019999809,169.81882,737.7724389148796,737.7724413453801,353.2391304347826,803.1643,0.033326995
471000,0.85987777,0.00019999809,169.46231,608.1699023389298,608.1698998043285,306.1304347826087,755.5001,0.040248714
472000,0.8670842,0.00019999809,167.55237,580.7481815717658,580.7481798527655,303.8775510204082,833.3919,0.032919742
473000,0.85758215,0.00019999809,159.91237,1031.5919766196837,1031.5919758267419,528.0307692307692,874.63403,0.037402418
474000,0.81504756,0.00019999809,169.27708,603.329618202245,603.3296171128374,304.9574468085106,779.525,0.031278644
475000,0.76955515,0.00019999809,162.9371,550.2244352610023,550.2244358474198,289.94444444444446,915.9326,0.03570598
476000,0.75597304,0.00019999804,179.71329,764.4774089690886,764.477404101673,343.39473684210526,973.60547,0.033114642
477000,0.76703113,0.00019999803,169.29552,1148.0027691274881,1148.0027653340442,558.421875,999.11304,0.033648103
478000,0.7412129,0.00019999803,167.93387,580.7452313732017,580.7452294486307,299.8727272727273,893.3107,0.039752256
479000,0.7007036,0.00019999803,170.14032,600.4590611204188,600.459056216696,310.1489361702128,1010.8705,0.033326976
480000,0.7020536,0.00019999803,171.13956,592.1048383606804,592.1048409053611,294.6,878.41626,0.0385101
481000,0.6789467,0.00019999803,171.08464,1183.8825337352423,1183.8825411449636,588.3793103448276,1032.1467,0.031856723
482000,0.7183107,0.00019999803,164.52223,587.1491158663058,587.1491140605625,303.19607843137254,1112.4102,0.035154134
483000,0.7398049,0.00019999803,168.43994,521.7100376942578,521.7100368091304,271.54901960784315,609.5228,0.03860201
484000,0.71580714,0.00019999803,168.64041,650.6154637984607,650.615461436543,316.0217391304348,1015.8783,0.036439337
485000,0.7452578,0.00019999803,163.29698,1083.4715097986284,1083.4715070518564,560.9508196721312,698.7827,0.03765954
486000,0.72743696,0.00019999803,167.30571,737.6587449469065,737.6587436753218,393.44736842105266,957.6022,0.035652205
487000,0.7064147,0.00019999803,163.77213,522.0922119453842,522.0922104435876,280.4313725490196,951.8139,0.03403876
488000,0.7305347,0.00019999803,173.6418,695.5626118501027,695.5626143380997,341.1,829.2178,0.034376483
489000,0.73951024,0.00019999803,165.21495,1187.8116193257845,1187.8116276411845,610.6923076923077,924.2899,0.03269743
490000,0.7190754,0.00019999803,166.37036,535.3915913619247,535.3915921457057,277.3137254901961,946.7212,0.03606642
491000,0.7318218,0.00019999803,169.24875,544.3630839707901,544.3630849038329,278.61224489795916,840.5918,0.037492637
492000,0.7040742,0.00019999803,173.29512,741.3978022734324,741.3978063050366,363.1025641025641,853.6588,0.031600147
493000,0.6631151,0.00019999803,163.48859,1278.4787429712035,1278.4787426629234,648.7818181818182,677.77344,0.036320202
494000,0.6752071,0.00019999802,172.2284,827.6471451719602,827.64714950492,417.1111111111111,652.96533,0.03163659
495000,0.7312372,0.000199998,169.61058,648.5241436257082,648.5241441169488,326.11764705882354,1058.5509,0.036506504
496000,0.7200074,0.000199998,174.73268,572.1707298003491,572.170729232003,291.2142857142857,893.42126,0.035471417
497000,0.7530691,0.000199998,166.83176,1091.4138991951943,1091.4138954476673,541.6615384615385,762.50916,0.03688018
498000,0.73149794,0.000199998,174.6872,756.5560417034125,756.5560411297087,370.3421052631579,1005.5601,0.036210082
499000,0.6999874,0.000199998,171.15611,682.6822389974827,682.6822400097824,338.4390243902439,679.3071,0.032883283
500000,0.6429545,0.000199998,170.59059,951.4863828902061,951.4863840286775,468.0576923076923,936.8572,0.036968097
501000,0.6513479,0.000199998,170.76486,904.0593677578403,904.0593641721996,446.04918032786884,990.7965,0.035189405
502000,0.6114779,0.000199998,169.12639,572.8710804796219,572.8710810793158,291.62,1472.6841,0.030509606
503000,0.6121428,0.000199998,169.827,690.8347899453206,690.834792271574,352.25,850.49097,0.03426407
504000,0.6677483,0.000199998,166.67026,598.1071894433763,598.1071923661653,314.1111111111111,1074.5013,0.03253892
505000,0.69948274,0.000199998,171.87202,1103.493825630347,1103.4938259501835,555.6666666666666,791.9287,0.035188194
506000,0.62329024,0.000199998,170.23116,798.1167751144279,798.116780504246,379.04545454545456,906.0277,0.035731796
507000,0.6243278,0.000199998,170.79625,595.3622142076492,595.3622153292574,286.97727272727275,1058.0952,0.030395906
508000,0.6264949,0.000199998,164.19402,666.4792475485801,666.479244557414,333.64,882.6437,0.03204908
509000,0.62134445,0.00019999797,159.68698,861.5168942569366,861.5168943996907,443.0131578947368,927.86566,0.039288685
510000,0.6127397,0.00019999797,165.35695,505.03611744112436,505.03611667883706,263.25925925925924,801.9239,0.03320034
511000,0.61060035,0.00019999797,158.0919,519.1172694440546,519.1172675670003,260.82758620689657,952.7776,0.038134888
512000,0.6643017,0.00019999797,161.62376,688.9571332903796,688.9571328631572,370.93023255813955,894.7178,0.035800703
513000,0.68036956,0.00019999797,167.71523,1210.1947099945762,1210.1947137184777,604.5454545454545,804.95715,0.03385506
514000,0.62498516,0.00019999797,170.22693,516.7005702163659,516.7005708496214,253.07843137254903,728.9779,0.03953868
515000,0.6696071,0.00019999797,167.71623,843.9647643898809,843.9647672231872,388.8139534883721,856.87964,0.037388466
516000,0.7201495,0.00019999797,162.43707,595.3685094985095,595.368511382399,317.8863636363636,833.6001,0.03654497
517000,0.70798165,0.00019999797,165.3865,1125.668363844762,1125.6683613423081,561.3770491803278,789.12244,0.032645114
518000,0.66056067,0.00019999788,173.76508,714.2462956057655,714.2462932448715,331.8222222222222,873.2555,0.033575237
519000,0.66046774,0.00019999788,165.72778,574.7951150147811,574.7951164927505,297.7391304347826,859.9994,0.03773142
520000,0.6219436,0.00019999788,172.59155,572.4029999111974,572.4030014682339,292.13953488372096,899.04443,0.035872996
521000,0.5979552,0.00019999788,164.27098,1327.3550692433294,1327.3550697630048,618.3220338983051,781.1583,0.031717986
522000,0.59028953,0.00019999788,160.27391,648.3582695397464,648.3582689170538,342.75,500.62445,0.036068365
523000,0.5934645,0.00019999788,164.31578,625.3869917703712,625.3869907153008,320.4347826086956,671.49146,0.028283784
524000,0.57821983,0.00019999786,161.78831,844.1782651772866,844.178263927314,416.94871794871796,685.08813,0.03321146
525000,0.5699284,0.00019999786,186.91884,1116.755170064313,1116.7551646496065,569.6964285714286,2803.179,0.034201857
526000,0.6589458,0.00019999786,232.15523,763.961419909341,763.9614184637921,394.4,14788.418,0.030930705
527000,0.7427125,0.00019999786,258.5447,677.9921999545325,677.9922002705177,362.92857142857144,21413.781,0.034878623
528000,0.798191,0.00019999786,271.40674,430.70357692133297,430.7035749589208,256.90909090909093,21759.963,0.034448035
529000,0.9917332,0.00019999786,183.9699,5148.447965429775,5148.4479602254805,629.1896551724138,5289.8286,0.036101434
530000,1.0825553,0.00019999786,161.08882,702.1693257689476,702.1693284615206,378.0,694.91315,0.034607742
531000,1.0946032,0.00019999786,165.2564,734.6435126491955,734.6435095978977,364.54761904761904,741.3481,0.03395798
532000,1.1511225,0.00019999786,158.59492,558.9907831795838,558.9907827524712,322.9130434782609,754.9087,0.03579756
533000,1.1476817,0.00019999781,154.43544,933.4550523354727,933.4550540290567,492.47058823529414,792.0797,0.036892705
534000,1.1265178,0.00019999781,155.35378,559.2856802207729,559.2856798502538,310.875,622.5657,0.03531712
535000,1.110719,0.00019999781,162.68677,644.16955096307,644.1695519561807,340.54347826086956,631.68713,0.032604117
536000,1.0472,0.00019999781,159.98239,574.0358095579677,574.0358097994678,317.84444444444443,714.5648,0.03791771
537000,1.0998315,0.00019999781,162.36255,1243.5524239944962,1243.5524224756202,645.7547169811321,651.7765,0.031363226
538000,1.1012665,0.00019999781,164.53032,629.2134205142657,629.213419343436,329.06666666666666,783.9754,0.032671098
539000,1.0297574,0.00019999781,165.26505,647.4769099923068,647.4769073404536,338.7674418604651,939.9103,0.03405837
540000,1.0948929,0.00019999781,156.32521,512.8169280446094,512.8169280670166,283.1521739130435,821.046,0.034342878
541000,1.061037,0.00019999781,162.10501,1356.4365925181146,1356.4365916253055,693.9607843137255,593.4614,0.03203958
542000,0.9976266,0.00019999781,167.63446,559.3710799929888,559.3710788679107,284.0,669.3385,0.033575
543000,0.92548865,0.00019999781,169.06279,902.7171250873142,902.717124848454,454.0888888888889,807.8197,0.03278808
544000,0.9241326,0.00019999781,167.2908,695.9305077880621,695.9305113463521,333.25,770.6392,0.03446715
545000,0.8801907,0.00019999781,166.1121,1067.6270491000146,1067.6270526219569,529.1774193548387,896.9647,0.03719989
546000,0.85031104,0.00019999781,167.00336,532.507278067725,532.5072793703297,270.7857142857143,898.96344,0.0422852
547000,0.8445007,0.00019999781,178.4044,571.7794262731076,571.7794254736896,262.56,1373.5732,0.04017864
548000,0.8188436,0.0001999978,173.17793,788.0671302258968,788.0671345743436,387.825,816.3789,0.032401416
549000,0.8633873,0.0001999978,170.64598,1268.891556225441,1268.8915556340378,617.6111111111111,965.697,0.037159666
550000,0.87867296,0.0001999978,169.66321,792.628907588812,792.62891066201,430.53846153846155,842.20544,0.0365457
551000,0.8881947,0.00019999778,167.68994,675.6936271843456,675.693629048571,343.92857142857144,863.5528,0.035486296
552000,0.857691,0.00019999778,173.15302,682.2363233469254,682.2363251305187,338.6744186046512,943.9093,0.03403146
553000,0.84561133,0.00019999778,170.75938,1076.6475174478255,1076.6475134154534,528.71875,866.6062,0.037109185
554000,0.87235963,0.00019999778,173.53185,776.4979377737859,776.4979398348324,379.6341463414634,854.06323,0.035435483
555000,0.8579297,0.00019999778,170.47922,648.6166957672252,648.6166984407016,320.2093023255814,911.4612,0.032604113
556000,0.86578536,0.00019999778,170.78645,655.951374364396,655.9513714381901,335.6875,891.57996,0.03711518
557000,0.8814799,0.00019999778,166.67207,1190.8224934067644,1190.8224903081627,596.6140350877193,761.6079,0.032167636
558000,0.8363517,0.00019999778,169.96648,537.4958837628365,537.4958836287426,272.3333333333333,1122.9329,0.032105617
559000,0.8119355,0.00019999778,173.8291,636.6275981485844,636.6275981856413,313.8,1035.0605,0.03353993
560000,0.8637078,0.00019999778,170.54077,729.4966354502571,729.4966355793587,360.2888888888889,880.7373,0.035300776
561000,0.8737102,0.00019999778,159.60048,1031.2083562077482,1031.2083594956564,528.8484848484849,834.62537,0.0388418
562000,0.89476806,0.00019999778,169.5436,719.0050096206887,719.0050088564321,358.8837209302326,960.40314,0.034887154
563000,0.8840011,0.00019999778,169.9269,661.9663477973504,661.9663457497129,317.3863636363636,849.98083,0.030505251
564000,0.87005323,0.00019999778,167.82684,573.355820971866,573.3558202471605,305.5813953488372,1051.7705,0.03684906
565000,0.87925607,0.00019999778,163.54681,1007.1898550501892,1007.1898554982622,514.5428571428571,890.72656,0.036487464
566000,0.86993396,0.00019999774,157.69603,498.9683467493219,498.9683487742615,261.35593220338984,1091.4258,0.033777274
567000,0.88301647,0.00019999774,168.99521,521.607641283502,521.6076442569755,269.78723404255317,1034.2723,0.034630023
568000,0.855243,0.00019999774,166.37117,677.755893641192,677.755891019378,338.6304347826087,1120.5449,0.034693576
569000,0.8472738,0.00019999774,166.55136,1108.4787252316107,1108.4787236475688,550.4923076923077,1094.7224,0.033067953
570000,0.8867582,0.00019999774,169.29402,592.8487507536056,592.8487504601973,300.5531914893617,1165.7615,0.03549158
