Steps,Policy/Entropy,Policy/Learning Rate,Policy/Extrinsic Value Estimate,Policy/Extrinsic Reward,Environment/Cumulative Reward,Environment/Episode Length
1000,1.7913529,0.00019999995,0.67579037,1.651289721569383,1.6512896974967237,106.72289156626506
2000,1.7894925,0.00019999995,0.7483822,2.1753617100259093,2.175361703408774,104.77659574468085
3000,1.7835333,0.00019999995,1.0390202,1.51512162341285,1.515121611254678,86.48453608247422
4000,1.7792159,0.00019999995,1.7463859,1.477044407926176,1.4770444309298407,83.8804347826087
5000,1.7862754,0.00019999995,0.9026659,15.386105448007584,15.386105340861775,102.4
6000,1.7856826,0.00019999995,0.71949613,0.8618188303012353,0.8618188226633131,65.25324675324676
7000,1.7666926,0.00019999995,1.5084823,0.4306315357159627,0.4306315358852794,57.03947368421053
8000,1.7234313,0.00019999995,2.6247294,0.669435068297742,0.6694350718665992,59.95522388059702
9000,1.7793791,0.00019999995,0.58822334,19.516581070039955,19.516581132380924,64.38285714285715
10000,1.7507428,0.00019999995,0.7917393,0.3709863774238094,0.37098637842939736,50.619354838709675
11000,1.7233351,0.00019999992,0.4491073,0.13856362059431257,0.13856361952094365,46.16981132075472
12000,1.7144208,0.0001999999,0.27944842,0.32450990295410154,0.32450990126371926,46.864
13000,1.7833687,0.0001999999,0.4389078,-130.0645946385431,-130.06459575966957,176.59405940594058
14000,1.7799515,0.0001999999,0.47815987,1.5946142307145457,1.5946142363318416,87.03448275862068
15000,1.7729312,0.0001999999,0.7200256,2.419954529461952,2.4199545415188504,99.59615384615384
16000,1.7642741,0.0001999999,0.8518992,2.3028739918060976,2.302873989167083,91.86868686868686
17000,1.7566295,0.0001999999,1.0009086,3.3480875685133715,3.348087559851551,108.07070707070707
18000,1.7425852,0.0001999999,0.1818475,2.7500122903467537,2.7500122838680254,96.5934065934066
19000,1.7166426,0.0001999999,-1.3739854,2.44247697003476,2.442476942407631,90.3896103896104
20000,1.6955471,0.0001999999,-2.755582,3.032685453302405,3.0326854469956235,97.89887640449439
21000,1.7279922,0.0001999999,0.95768905,-89.28164221926903,-89.28164098895387,119.40833333333333
22000,1.7162123,0.0001999999,-0.661495,1.6465610444036305,1.6465610491278306,72.32478632478633
23000,1.6904461,0.0001999999,-1.8772508,1.4189092702224475,1.418909277271255,65.95798319327731
24000,1.6732308,0.0001999999,-0.9836724,1.453645832072466,1.4536458488714752,66.43589743589743
25000,1.7256463,0.0001999999,0.898186,-44.747732607962995,-44.74773224044129,118.18461538461538
26000,1.7286025,0.0001999999,2.3324997,4.275644038055764,4.27564406810593,117.22950819672131
27000,1.6766435,0.0001999999,5.6537876,13.96908872127533,13.969088800704375,309.56666666666666
28000,1.6658921,0.0001999999,7.027641,9.176646830141545,9.176646803784593,213.9
29000,1.7267294,0.00019999988,3.0130873,129.7072359809906,129.7072360101976,269.34090909090907
30000,1.6669071,0.00019999986,5.613308,9.373021001842888,9.373021012297393,215.63636363636363
31000,1.6308535,0.00019999986,8.260029,12.934815964528493,12.934815927290588,282.2857142857143
32000,1.5865376,0.00019999986,3.7143312,11.079928661093993,11.079928645400662,255.94117647058823
33000,1.7294302,0.00019999986,2.6018384,96.14017131537199,96.1401711007368,275.16
34000,1.7146274,0.00019999986,2.9734793,10.909804516179221,10.909804511895846,240.77142857142857
35000,1.6923257,0.00019999986,3.2535334,17.455354836679273,17.45535486621983,343.83870967741933
36000,1.6558791,0.00019999986,-0.3238128,14.054295643782003,14.054295665534015,278.6666666666667
37000,1.6470815,0.00019999986,2.8206227,-30.941035559357598,-30.941035635556133,202.65116279069767
38000,1.6401289,0.00019999986,3.2185867,12.990043199339578,12.990043143973312,257.6744186046512
39000,1.6151338,0.00019999986,3.3137634,12.130958428253999,12.13095843764914,243.56756756756758
40000,1.5857748,0.00019999986,3.2334933,10.375775264233958,10.375775331978698,209.79591836734693
41000,1.5525888,0.00019999986,3.3874261,10.301234261589308,10.301234222184906,201.52941176470588
42000,1.5263139,0.00019999986,3.501515,17.128281656010397,17.12828167577505,309.55172413793105
43000,1.4812727,0.00019999986,3.2310746,9.210590931963413,9.210590911395055,183.5744680851064
44000,1.4378592,0.00019999983,2.9940844,6.041878311949618,6.041878305723181,130.73529411764707
45000,1.3759295,0.00019999983,3.8588438,4.801178677062992,4.801178702787244,149.01190476190476
46000,1.2358001,0.00019999983,10.41111,6.352212220430374,6.352212182727489,135.91489361702128
47000,1.1473193,0.00019999983,17.145468,9.55413471308409,9.554134705401612,182.5686274509804
48000,1.0332766,0.00019999983,23.103102,5.300503295043419,5.300503275942286,118.48275862068965
49000,1.4222631,0.00019999983,-1.1938823,161.1232984705024,161.12329816350967,170.1931818181818
50000,1.4188075,0.00019999983,-13.99072,4.388930193015507,4.388930152992464,106.82539682539682
51000,1.3909265,0.00019999983,-18.603872,6.555774020387771,6.555774022532853,134.12765957446808
52000,1.3139591,0.00019999983,-20.083311,5.578055491670966,5.5780554645432945,134.26190476190476
53000,1.4630595,0.00019999975,2.0235138,-379.59813568406037,-379.5981379176233,268.0243902439024
54000,1.3558484,0.00019999975,-4.0224304,5.391037560027579,5.39103757859972,130.1304347826087
55000,1.2876723,0.00019999975,-8.507835,5.45771819769831,5.457718180495465,126.0677966101695
56000,1.0849096,0.00019999972,-6.070615,9.989580989561297,9.989581022720483,196.6818181818182
57000,1.3963467,0.00019999972,-3.1895566,-311.0653811363237,-311.0653758764244,479.2142857142857
58000,1.2737364,0.00019999972,-1.3316747,9.645310521125793,9.645310516549712,195.48717948717947
59000,1.2682031,0.00019999972,-0.62935853,10.658873664262968,10.658873733121323,211.4102564102564
60000,1.2395732,0.00019999972,-2.108075,8.573047184027159,8.573047190461576,181.51282051282053
61000,1.4727242,0.00019999972,-1.1007522,-194.98123471347654,-194.981233619116,336.42857142857144
62000,1.4622809,0.00019999972,-10.172881,10.811174987391992,10.811174954301153,211.0909090909091
63000,1.4746448,0.00019999972,-12.955459,9.441332530143649,9.441332507063153,197.46511627906978
64000,1.4820945,0.00019999972,-11.564395,9.382987944143158,9.38298792571767,190.59183673469389
65000,1.4241678,0.00019999972,7.68651,-361.47154319764445,-361.4715437723447,294.90909090909093
66000,1.3689243,0.00019999972,14.098364,13.10460970385207,13.10460971198929,245.88888888888889
67000,1.3439739,0.00019999972,14.908232,8.808061229939364,8.808061247887546,183.3673469387755
68000,1.3369509,0.00019999969,17.157633,10.226722894679932,10.226722922364718,205.0
69000,1.4868729,0.00019999967,3.599413,146.8347983595489,146.83479923337293,222.32203389830508
70000,1.4012475,0.00019999967,7.004167,11.79279548497427,11.79279547427038,230.26190476190476
71000,1.3744018,0.00019999967,13.500007,10.483375917781483,10.483375960631484,208.70454545454547
72000,1.3043017,0.00019999967,17.825014,10.624002443777549,10.624002442625763,209.78378378378378
73000,1.3612963,0.00019999967,9.272519,96.64245019276001,96.64245052448418,196.29508196721312
74000,1.3654436,0.00019999967,15.328922,12.317546284033192,12.31754628432809,243.25
75000,1.3854648,0.00019999967,10.99109,11.506295578602034,11.506295518803123,227.23076923076923
76000,1.403653,0.00019999967,6.970093,10.45518174128873,10.455181779549001,207.92857142857142
77000,1.5472902,0.00019999967,4.00185,97.5470844627573,97.54708533417936,259.7307692307692
78000,1.5454689,0.00019999967,3.881035,12.364509613741012,12.364509616577504,239.76190476190476
79000,1.5326992,0.00019999967,3.7933235,9.927301033683445,9.927301117935682,200.91304347826087
80000,1.4731277,0.00019999967,0.8411894,9.165058360088105,9.16505832740561,187.7450980392157
81000,1.4395137,0.00019999967,7.149432,-12.439447562586754,-12.439447660403337,202.70212765957447
82000,1.2896687,0.00019999967,23.332361,12.437605263555751,12.437605329900075,240.11764705882354
83000,1.2157001,0.00019999966,31.873262,13.207477188879444,13.207477195510833,251.74193548387098
84000,1.266172,0.00019999966,33.611526,12.082362296252414,12.082362341984874,234.93103448275863
85000,1.5670259,0.00019999966,8.147909,367.1020803706677,367.10208148333993,387.95348837209303
86000,1.5476545,0.00019999965,4.892862,16.566414170540295,16.566414143773724,311.61538461538464
87000,1.4763857,0.00019999965,5.590249,13.400813373737037,13.40081338314409,254.4375
88000,1.420658,0.00019999965,5.6025376,13.797442804825934,13.797442754878052,258.4736842105263
89000,1.474372,0.00019999965,4.028994,27.421369694524778,27.421369558573222,257.6981132075472
90000,1.4267925,0.00019999965,3.824568,12.035926259578542,12.035926133351103,225.9787234042553
91000,1.4251795,0.00019999965,3.913943,10.298687863474091,10.298687821596905,202.77083333333334
92000,1.3837078,0.00019999965,3.677299,10.906634510373292,10.906634493371673,212.2173913043478
93000,1.3708905,0.00019999965,4.0232043,11.027212696319276,11.027212683432651,208.0
94000,1.366186,0.00019999965,3.7043526,10.963891971111298,10.963891929051638,211.74
95000,1.3576032,0.00019999965,3.461452,8.409311162573951,8.409311218078322,168.16326530612244
96000,1.1844779,0.00019999965,10.739241,13.949649194600406,13.94964918624855,282.3703703703704
97000,1.263843,0.00019999965,7.814264,35.99087782155108,35.99087837740662,240.91489361702128
98000,1.2114966,0.00019999965,16.29241,11.779273302168459,11.779273318842588,221.2972972972973
99000,1.2658582,0.00019999965,-2.4368062,12.539221985141436,12.53922196489533,232.13333333333333
100000,1.2034551,0.00019999963,0.32186046,10.664983676746488,10.664983739747065,194.46875
101000,1.2395693,0.0001999996,9.097734,-55.077176482166614,-55.07717844865807,338.5
102000,1.2131948,0.0001999996,17.094343,14.702988387857165,14.702988408928107,265.4
103000,1.2190391,0.0001999996,20.05161,13.554636810276959,13.554636744679101,245.3783783783784
104000,1.2433499,0.0001999996,21.958376,12.842384058982134,12.842384124462459,237.61111111111111
105000,1.4196221,0.0001999996,4.128714,177.26464752595012,177.26464782300366,261.3076923076923
106000,1.4352262,0.0001999996,3.171916,8.550111807122523,8.55011179429728,179.24489795918367
107000,1.406254,0.0001999996,3.2715154,8.385679570111362,8.385679548093002,168.0909090909091
108000,1.387729,0.0001999996,3.5685208,13.607357501238585,13.607357530622773,248.9
109000,1.3361025,0.0001999996,3.117456,8.283560513089611,8.283560522367289,237.62745098039215
110000,1.1693867,0.0001999996,8.095588,13.886011084541678,13.886011026688031,250.875
111000,1.0647542,0.0001999996,17.571424,10.448455868022782,10.448455855841164,203.39285714285714
112000,1.0968174,0.0001999996,23.00765,20.25632784854282,20.256327840309442,347.54545454545456
113000,1.4130051,0.00019999957,4.8758135,137.52833815964664,137.52833666506288,428.55555555555554
114000,1.4602424,0.00019999957,3.7708843,10.486154462609973,10.486154478630608,204.33333333333334
115000,1.429332,0.00019999954,3.5605268,10.60031070932746,10.600310688203141,205.41071428571428
116000,1.449601,0.00019999949,3.98999,11.99482966919203,11.994829760555564,229.3783783783784
117000,1.4218378,0.00019999949,3.6222086,9.262590672949266,9.262590680853876,182.8448275862069
118000,1.3625561,0.00019999949,8.091335,12.505645453929901,12.505645441308133,238.21212121212122
119000,1.329239,0.00019999949,16.91076,16.29835040099693,16.298350441524256,293.6969696969697
120000,1.3281353,0.00019999949,20.873829,11.43600891218629,11.436008942071524,215.7674418604651
121000,1.4841536,0.00019999949,4.6591883,127.52312808977845,127.52312697568524,252.97826086956522
122000,1.5275158,0.00019999949,3.0868578,10.868546840621203,10.868546868195574,218.73170731707316
123000,1.5257074,0.00019999949,3.006531,11.545428545134408,11.545428467085639,228.31428571428572
124000,1.5071669,0.00019999949,3.1025426,12.098760046064854,12.098760014657678,231.3125
125000,1.4839964,0.00019999949,3.7911723,12.699398386820748,12.699398471589296,406.1081081081081
126000,1.4969053,0.00019999949,3.8702137,16.807380575122256,16.80738065107571,310.8181818181818
127000,1.4915369,0.00019999947,3.7031348,13.743594624102116,13.74359457773112,256.875
128000,1.4878421,0.00019999946,3.6465766,9.679692757684132,9.679692780933827,192.53488372093022
129000,1.4734317,0.00019999946,4.0423775,13.19933439215986,13.199334393048492,241.85714285714286
130000,1.4646856,0.00019999946,3.8222988,14.719476596667217,14.71947650559469,280.3076923076923
131000,1.4677373,0.00019999946,4.0213323,14.391134989612242,14.391135014212878,265.70588235294116
132000,1.4699851,0.00019999946,3.9246533,18.149654326193474,18.14965416372789,328.1764705882353
133000,1.4552352,0.00019999946,3.6037116,6.840959354982537,6.8409593517770695,144.59322033898306
134000,1.4630119,0.00019999946,3.8515656,16.497979284160667,16.497979241004153,305.6111111111111
135000,1.4440227,0.00019999946,3.8537383,13.996625086840462,13.99662506380198,262.47058823529414
136000,1.4361866,0.00019999946,3.7410262,12.259261866862124,12.259261850262368,232.72727272727272
137000,1.4036155,0.00019999946,3.6982644,9.348873517049165,9.348873554220724,183.77777777777777
138000,1.3854979,0.00019999946,4.0296636,12.619544600185595,12.619544599696917,234.02631578947367
139000,1.3625298,0.00019999944,4.0249004,14.780560264716277,14.78056028567841,264.0
140000,1.3508755,0.00019999943,4.23666,19.924887885970453,19.92488794615191,343.51612903225805
141000,1.355437,0.00019999943,3.7337852,9.156611213088036,9.156611171703025,174.9
142000,1.2806191,0.00019999943,-4.156457,12.82461551399458,12.824615466571665,242.47619047619048
143000,1.2653651,0.00019999943,-12.944295,10.17283171486287,10.172831725209178,198.9047619047619
144000,1.2865417,0.00019999943,-15.694437,10.265258885738326,10.265258805290065,194.5121951219512
145000,1.3613756,0.00019999943,2.3439012,-287.5413507614718,-287.5413505334256,283.7906976744186
146000,1.3665451,0.00019999943,3.5693073,14.145966125031313,14.145966047966006,254.97222222222223
147000,1.3217287,0.00019999943,3.6463327,10.572962992801898,10.572963011559983,200.9268292682927
148000,1.3001457,0.00019999943,3.7098815,14.649717930824526,14.649717941919365,265.03225806451616
149000,1.2947197,0.00019999943,3.5885723,10.087166077536919,10.087166116978524,254.95
150000,1.1654316,0.00019999943,3.725216,11.707710428012383,11.70771039122848,216.05405405405406
151000,1.1238322,0.00019999943,-6.0500426,15.428771652557232,15.428771588400608,276.55555555555554
152000,1.1379071,0.00019999943,-12.927353,12.892593622207642,12.892593581457005,237.96969696969697
153000,1.3169782,0.00019999943,1.1899364,-175.612402367148,-175.6124007574949,321.3191489361702
154000,1.2627605,0.00019999943,2.6423097,11.897966638207436,11.897966729516881,221.92105263157896
155000,1.1613017,0.00019999943,-8.561479,12.425826111260582,12.425825978120315,231.2941176470588
156000,1.1418867,0.00019999943,-14.760638,12.923525841906667,12.923525984616411,240.5625
157000,1.2224978,0.00019999943,-5.5689225,-165.88787657672708,-165.8878778090159,279.8909090909091
158000,1.2275469,0.00019999943,-12.812178,12.518551118884767,12.518551133121973,233.31428571428572
159000,1.2102289,0.00019999943,-18.235792,11.506029219854446,11.506029206879528,223.42857142857142
160000,1.2175255,0.0001999994,-18.803967,16.913532068686827,16.91353208612239,303.10714285714283
161000,1.3545489,0.00019999937,0.98690706,-301.69407687571487,-301.6940773219654,233.40350877192984
162000,1.373102,0.00019999937,3.8828135,11.733747063799107,11.733746984955191,221.4468085106383
163000,1.392004,0.00019999937,4.0549784,13.534111221094388,13.534111296090735,255.97297297297297
164000,1.3895254,0.00019999937,3.997843,16.205869010976844,16.20586893762716,291.4864864864865
165000,1.3817214,0.00019999937,3.859171,8.143182356876355,8.143182350813,165.42592592592592
166000,1.3668858,0.00019999937,4.1584234,14.80846537152926,14.808465329557459,271.1212121212121
167000,1.3472856,0.00019999937,3.912324,16.506953069487132,16.506953035776576,295.86486486486484
168000,1.3101387,0.00019999937,3.7254612,9.962211069340507,9.962211062766087,197.39583333333334
169000,1.2934167,0.0001999993,4.1177735,12.90628113916942,12.906281115193755,233.54761904761904
170000,1.3324741,0.00019999927,3.7176073,10.359188088904256,10.359188085513585,200.65217391304347
171000,1.3515707,0.00019999927,3.713952,12.707111001676983,12.707111054476577,232.4
172000,1.3013834,0.00019999925,0.9782814,9.505084849066204,9.505084815616799,189.9777777777778
173000,1.3618059,0.00019999924,3.2176797,-4.283421018022172,-4.283420886863322,233.68085106382978
174000,1.3896396,0.00019999924,4.071539,17.537812169521086,17.53781207498443,310.51612903225805
175000,1.3946495,0.00019999924,4.2185025,15.826368459396893,15.8263684458817,288.69444444444446
176000,1.3962086,0.00019999924,3.9282792,13.005198311161351,13.005198328378183,241.16216216216216
177000,1.4039416,0.00019999924,3.7197247,9.210849540042025,9.210849489524028,184.17857142857142
178000,1.1494604,0.00019999924,13.283343,13.850146744400263,13.850146792071769,257.28125
179000,1.1748556,0.00019999924,32.481026,11.188840725298586,11.188840782936017,213.3448275862069
180000,1.1472003,0.00019999924,39.750423,14.617487431764603,14.61748752633397,266.96
181000,1.3069965,0.00019999924,1.1595569,254.04455176771296,254.04455281701243,343.0612244897959
182000,1.2953032,0.00019999924,-14.8404455,15.033534877830082,15.033534864671278,273.6111111111111
183000,1.2602959,0.00019999924,-18.661644,11.653430429664818,11.653430450062984,223.8108108108108
184000,1.2741888,0.00019999922,-19.426119,13.981847873021817,13.981847856045098,259.2413793103448
185000,1.2959641,0.00019999921,6.2675796,-436.5200840666508,-436.52008347646773,347.6923076923077
186000,1.2449901,0.00019999921,17.970783,15.91681500474612,15.916815011500065,284.56666666666666
187000,1.2425182,0.00019999921,20.341675,10.8598440450591,10.859843998075773,206.8918918918919
188000,1.2924954,0.00019999921,21.72815,17.908138076066972,17.90813798911471,314.76
189000,1.4456466,0.00019999921,5.62349,185.73648175731302,185.73648164973216,339.72
190000,1.4431924,0.00019999921,3.6481326,11.988017864716358,11.988017929907574,225.87179487179486
191000,1.3937504,0.00019999921,3.5956697,12.475305168496238,12.475305130022752,235.93333333333334
192000,1.368394,0.00019999921,3.622696,11.93585374006411,11.935853879343163,221.58536585365854
193000,1.3026102,0.00019999921,2.6060693,12.605645813047886,12.605645848347548,228.0888888888889
194000,1.209046,0.00019999921,-10.023594,12.117547897916092,12.117547892626062,227.71052631578948
195000,1.2077571,0.00019999921,-19.18934,13.934328195026943,13.934328211605562,253.0
196000,1.2301944,0.00019999921,-22.274912,17.203083680226253,17.20308375393989,311.65384615384613
197000,1.3744817,0.00019999921,0.6573705,-282.3726162072271,-282.3726148017924,294.5833333333333
198000,1.3679029,0.00019999921,3.9381988,12.933103830525368,12.933103778054463,237.87878787878788
199000,1.350224,0.0001999992,3.4767227,11.049388745968992,11.04938873787819,210.61363636363637
200000,1.3314247,0.00019999918,3.6612322,14.77437716637339,14.774377221416605,269.4
201000,1.2762613,0.00019999918,4.0122848,9.466410701706385,9.466410710675001,246.41666666666666
202000,1.2557313,0.00019999918,4.347145,23.222838556324994,23.222838522584357,391.74074074074076
203000,1.2102598,0.00019999918,3.9685073,11.979999485611916,11.979999479054651,223.975
204000,1.1845435,0.00019999918,4.216209,17.75204104088968,17.75204098875482,306.96774193548384
205000,1.1168379,0.00019999918,9.42324,11.205901870007992,11.205901933292965,208.15217391304347
206000,1.0949209,0.00019999918,18.624107,13.93541691377759,13.935416907470605,252.775
207000,1.1123786,0.00019999918,20.706938,14.353545782742676,14.353545766024084,261.6296296296296
208000,1.1574423,0.00019999918,13.264702,11.495067783377387,11.495067844063772,214.75
209000,1.3054819,0.00019999918,5.0324454,147.2829221148117,147.28292132766362,270.4901960784314
210000,1.2867322,0.00019999918,3.8752615,11.06644244492054,11.066442499488323,207.41666666666666
211000,1.2810993,0.00019999918,3.8043623,12.309101629901576,12.309101731764738,227.05405405405406
212000,1.316752,0.00019999918,3.485928,14.156417738232348,14.15641784028145,257.27777777777777
213000,1.275231,0.00019999918,3.9805844,6.114473660208954,6.114473695581962,179.10526315789474
214000,1.075606,0.00019999918,3.3822331,19.41959443812569,19.419594527975317,342.4166666666667
215000,1.0476328,0.00019999918,-12.331512,13.884904110973531,13.884904113656996,252.66666666666666
216000,1.0722232,0.00019999918,8.443488,14.67420309601408,14.674203040177376,266.09090909090907
217000,1.3438777,0.00019999914,1.2561599,-82.79648328542709,-82.79648262235223,298.6
218000,1.324562,0.00019999912,3.6922138,14.436083651505983,14.436083655124934,261.87179487179486
219000,1.3137666,0.00019999912,3.3722107,10.33361257825579,10.333612555882635,203.16326530612244
220000,1.3183796,0.00019999912,3.544154,11.256893110275268,11.2568931519823,212.82222222222222
221000,1.3366634,0.00019999912,3.6956635,9.290711410128726,9.290711387244498,181.34615384615384
222000,1.3632386,0.00019999912,3.715778,15.42039743396971,15.420397426100825,278.55555555555554
223000,1.339665,0.00019999912,3.6415894,14.090917214751244,14.090917291663606,256.875
224000,1.3405238,0.00019999912,3.7075975,14.083149103699503,14.083149160683176,252.8918918918919
225000,1.3336238,0.00019999912,3.7166364,12.793421840029103,12.793421872395166,237.6904761904762
226000,1.2923554,0.00019999912,3.8729248,13.119437594239304,13.11943760703721,240.0487804878049
227000,1.1835552,0.00019999912,12.749374,12.435217096998885,12.435217075357876,229.40540540540542
228000,1.1685503,0.00019999912,19.144836,13.019526772839683,13.019526828679572,241.62857142857143
229000,1.2963423,0.0001999991,5.4199715,80.79261741105859,80.7926175289683,225.3684210526316
230000,1.2502066,0.0001999991,-0.16636676,12.43218145519495,12.43218151630439,229.66666666666666
231000,1.2604412,0.0001999991,-15.426186,14.499775202737915,14.499775307747067,262.1388888888889
232000,1.2750689,0.00019999903,4.73848,17.091708686845056,17.091708606982326,299.9655172413793
233000,1.2917185,0.00019999903,11.329994,-110.59260370744312,-110.5926065631384,239.7391304347826
234000,1.3117824,0.00019999903,18.489475,16.80635640025139,16.80635636136215,298.25
235000,1.3499184,0.00019999903,19.879454,10.814657215190971,10.814657198536437,207.7391304347826
236000,1.3882859,0.00019999903,22.48451,10.213305566761944,10.213305560321112,205.94594594594594
237000,1.4823983,0.00019999903,5.888029,193.94262321415832,193.94262257938803,293.4583333333333
238000,1.5230069,0.00019999903,3.5654917,13.497415247801188,13.49741528492247,255.2972972972973
239000,1.4831694,0.00019999903,3.572679,13.117717204949795,13.117717290195632,246.97435897435898
240000,1.4890656,0.00019999903,3.9335709,19.275057149784907,19.27505698601147,347.85714285714283
241000,1.4262758,0.00019999903,3.3194168,11.708998273830025,11.708998197412006,222.18367346938774
242000,1.0263408,0.00019999903,-15.539347,13.630660564017793,13.630660671170423,260.625
243000,1.0291284,0.00019999902,-29.615099,14.52207785403287,14.52207784851041,265.18518518518516
244000,0.8947213,0.00019999898,-25.337843,21.138572790225346,21.138572613710313,370.6666666666667
245000,1.438999,0.00019999898,1.2747474,-319.6742820309268,-319.6742827430876,384.5925925925926
246000,1.4131407,0.00019999898,-0.029942246,10.60709675848484,10.607096725052077,212.675
247000,1.1894145,0.00019999898,-11.18878,13.155517288323107,13.155517462304056,253.9655172413793
248000,1.2139195,0.00019999898,-5.1191487,20.539787371050227,20.53978722515036,364.59090909090907
249000,1.4670229,0.00019999898,2.4576554,-161.58709471476706,-161.5870960969833,336.2105263157895
250000,1.4737971,0.00019999898,3.4236627,12.321276351809502,12.321276324636388,238.94117647058823
251000,1.4306319,0.00019999898,3.1693892,12.713834399836404,12.713834373291022,233.31428571428572
252000,1.1808684,0.00019999898,-9.080416,6.974331928266062,6.974331914757594,145.43243243243242
253000,1.3490353,0.00019999898,0.5438481,-57.14059681503816,-57.140596999852676,382.5744680851064
254000,1.3799002,0.00019999898,4.080841,18.406704492370288,18.406704590495142,331.4
255000,1.2459023,0.00019999898,-5.9294405,16.966045910661872,16.966045836285115,301.1212121212121
256000,1.2189785,0.00019999898,-20.726582,13.44669329806378,13.446693312245412,244.81578947368422
257000,1.3673394,0.00019999898,0.1002111,-136.17088004298833,-136.17087888008197,226.32608695652175
258000,1.3911188,0.00019999898,3.819659,17.97961047497289,17.979610520758012,325.0
259000,1.3708321,0.00019999898,3.5617552,12.50055089029106,12.500550831373793,232.1891891891892
260000,1.3727407,0.00019999898,3.8089488,16.632643382464135,16.632643439201665,301.7857142857143
261000,1.3332753,0.00019999898,3.8251886,9.697473144177728,9.697473144858787,270.0
262000,1.3282876,0.00019999895,4.146143,17.445827640367277,17.445827548098006,307.1818181818182
263000,1.298512,0.00019999895,3.878023,12.732979477871032,12.732979514384883,234.5952380952381
264000,1.2868692,0.00019999895,3.755078,10.692852917042645,10.692852893533244,206.86363636363637
265000,1.3074639,0.00019999895,3.975329,11.446453586868618,11.4464535837453,212.82608695652175
266000,1.3189119,0.00019999895,3.9146976,15.517391317420536,15.517391337794031,277.22222222222223
267000,1.3141435,0.00019999895,4.0726438,14.493410818497924,14.49341080363284,276.44117647058823
268000,1.281141,0.00019999895,4.021239,11.218993753857083,11.21899366183296,217.0
269000,1.2890791,0.00019999895,3.914933,14.175828634218002,14.175828661468787,226.52083333333334
270000,1.3221438,0.00019999895,3.991317,16.882832808928057,16.882832783503485,299.6060606060606
271000,1.3069792,0.00019999895,3.5778465,7.698321669347703,7.6983217048532175,157.53968253968253
272000,1.3754379,0.00019999895,3.6931295,11.913469669840685,11.913469667407698,220.82926829268294
273000,1.3254948,0.00019999895,4.350141,9.257982192262304,9.257982191959172,179.1320754716981
274000,1.1907948,0.00019999895,16.182653,11.331872807339181,11.33187288768427,218.67441860465115
275000,1.1698592,0.00019999895,33.021694,13.401545838002235,13.401545766122801,249.3548387096774
276000,1.1919235,0.00019999893,38.803875,11.966539215710428,11.966539192156505,229.83333333333334
277000,1.3336498,0.00019999892,-0.5510813,338.7146804387291,338.7146770672929,368.6216216216216
278000,1.3433782,0.00019999892,-23.31461,16.644033042284157,16.644032940252846,306.0769230769231
279000,1.3680924,0.00019999892,-30.565435,15.003690575008038,15.003690531510765,283.2962962962963
280000,1.3696028,0.00019999892,-30.517242,15.89513513982296,15.895135178033328,309.6
281000,1.3846209,0.00019999892,-11.45941,-460.6336518267069,-460.6336531354197,444.2432432432432
282000,1.3819083,0.00019999892,-24.93063,12.560572885615485,12.560572903936638,247.22857142857143
283000,1.3562703,0.00019999892,-29.066977,14.368048776541986,14.368048744885058,277.741935483871
284000,1.3583198,0.00019999892,-34.16905,15.502665628086437,15.50266562487209,295.6060606060606
285000,1.5122783,0.00019999887,-0.16391598,-364.7710803569631,-364.7710791557458,270.40425531914894
286000,1.4897892,0.00019999883,5.050947,11.186926252785183,11.186926211894312,221.85714285714286
287000,1.3335471,0.00019999883,13.536869,13.46767003647983,13.467669995541037,262.75
288000,1.2123115,0.00019999883,-1.3002545,14.816912490587969,14.816912477676292,280.34615384615387
289000,1.3457166,0.00019999883,-9.473033,19.24375395079994,19.243752221633066,303.19565217391306
290000,1.3636613,0.00019999883,-25.397594,16.62853887081146,16.628538910138037,302.5
291000,1.322438,0.0001999988,-28.570507,9.760961985215545,9.760961985785988,193.35416666666666
292000,1.319012,0.0001999988,-32.25079,10.261559575069242,10.261559505332526,202.53658536585365
293000,1.3296562,0.0001999988,-1.1126657,-344.99493294163625,-344.9949324218833,249.18367346938774
294000,1.3133223,0.0001999988,-14.634519,10.452391822890538,10.452391816772838,208.6341463414634
295000,1.3331243,0.0001999988,-31.919945,14.89077819387118,14.890778121034343,278.3333333333333
296000,1.3622371,0.0001999988,15.529599,11.303128459801277,11.30312848425697,223.19444444444446
297000,1.5008612,0.0001999988,6.377674,-139.15724734977508,-139.157249024549,375.7857142857143
298000,1.5379575,0.0001999988,3.8736362,13.897268041968346,13.897268058116847,272.44444444444446
299000,1.530639,0.0001999988,4.0543265,17.383013750825608,17.383013745767453,323.82142857142856
300000,1.4762676,0.00019999877,3.7629402,15.120693280465073,15.120693277521935,277.5
301000,1.4508578,0.00019999874,3.891369,11.525999207136243,11.525999273823762,217.30232558139534
302000,1.3534021,0.00019999874,7.9247584,11.895634761533222,11.895634729735164,225.56756756756758
303000,1.3177818,0.00019999874,19.997534,16.657852812608084,16.657852807261104,299.8
304000,1.3415469,0.00019999874,22.101633,13.106347809235254,13.106347794379644,250.4102564102564
305000,1.4980354,0.00019999874,6.31287,128.54931815735995,128.5493190576782,246.28
306000,1.5494734,0.00019999874,3.954267,18.337906286120415,18.33790633435558,336.7142857142857
307000,1.5424427,0.00019999874,4.146615,17.96702074818313,17.967020853130677,334.3125
308000,1.5536424,0.00019999874,3.9751933,12.252392154080527,12.252392198105527,238.71428571428572
309000,1.4937974,0.00019999874,3.6580584,10.232655455595722,10.232655393466667,218.72549019607843
310000,1.5080069,0.00019999874,4.140472,14.856376092880964,14.856376076552115,282.1875
311000,1.4621137,0.00019999874,4.0377345,16.10393198300153,16.103931880579772,299.875
312000,1.4732631,0.00019999874,3.7522156,12.525751088830559,12.525751121579344,242.97727272727272
313000,1.4857808,0.00019999874,4.2930155,14.430516268861922,14.430516191360653,253.94736842105263
314000,1.4861289,0.00019999874,4.141924,15.203252908061533,15.203252900444923,281.2647058823529
315000,1.5024875,0.00019999874,4.129939,17.31533864403472,17.315338607169505,315.61764705882354
316000,1.4801836,0.00019999874,4.076559,11.364869073379872,11.36486907188194,221.46511627906978
317000,1.4263186,0.00019999874,3.9103594,8.732372672096187,8.732372661733377,174.7450980392157
318000,1.4284877,0.00019999871,4.1377,21.18098885565996,21.180988919317933,376.10714285714283
319000,1.3358997,0.0001999987,4.481391,14.629893712699413,14.629893730066991,269.6388888888889
320000,1.0921819,0.0001999987,-4.399858,15.090940314310568,15.090940251758092,278.74074074074076
321000,1.3167692,0.0001999987,0.46789017,-24.651241545741623,-24.651240371971415,302.5945945945946
322000,1.3633732,0.0001999987,4.113348,17.314118273556232,17.314118218475375,311.17857142857144
323000,1.3710097,0.0001999987,4.054803,15.829997131600976,15.829997068230153,285.90625
324000,1.3160009,0.0001999987,3.9108644,17.850360593919095,17.85036060621784,320.2758620689655
325000,1.2905253,0.0001999987,4.435473,13.273221025733571,13.273220915805421,341.9736842105263
326000,1.2948684,0.0001999987,4.108539,12.193845046121021,12.193844978057927,229.88372093023256
327000,1.3011866,0.0001999987,4.3956256,15.167839148465324,15.167839110423332,276.8235294117647
328000,1.2852011,0.0001999987,4.7226467,13.128003157675266,13.128003249355833,244.45
329000,1.2605928,0.0001999987,5.644404,16.419098485489876,16.419098431180743,215.52380952380952
330000,1.33127,0.0001999987,4.24332,19.458992851631983,19.458992985201114,342.9428571428571
331000,1.3564029,0.0001999987,4.502955,16.47952859218304,16.479528555940007,300.4230769230769
332000,1.2936963,0.0001999987,1.3110051,14.9241006986091,14.924100647344307,270.60526315789474
333000,1.3103011,0.00019999867,2.2011194,-2.390827104780409,-2.390827038275999,216.73333333333332
334000,1.3664463,0.00019999867,4.3980246,20.525712159173242,20.525712184656438,355.48275862068965
335000,1.3206985,0.00019999867,4.2561135,11.478570136156948,11.478570168247229,215.8409090909091
336000,1.2069551,0.00019999867,-8.529393,14.69038776074137,14.69038772202752,277.77142857142854
337000,1.287397,0.00019999867,0.8216429,-38.37285590171814,-38.37285613535421,234.95348837209303
338000,1.3219949,0.00019999867,4.317767,15.713649310999447,15.71364931299802,283.94444444444446
339000,1.1812935,0.00019999867,10.529379,15.377959955483675,15.377959886060466,272.625
340000,1.1161574,0.00019999867,19.466022,11.162134546609153,11.162134521001963,213.52380952380952
341000,1.3269886,0.00019999867,6.344334,86.79077312160045,86.79077303557285,250.70212765957447
342000,1.3506964,0.00019999867,4.017152,15.447023874050693,15.447023891633588,278.2894736842105
343000,1.2512536,0.00019999867,-2.516341,9.868022282421588,9.868022225097405,188.475
344000,1.1609776,0.00019999867,-24.804598,17.222206107501325,17.222206184074242,303.2068965517241
345000,1.2043135,0.00019999864,-8.3667555,-90.99150758485,-90.99150772549528,222.7037037037037
346000,1.2001102,0.00019999864,-24.580938,13.618798669646768,13.618798637466853,249.2058823529412
347000,1.1007305,0.00019999864,-27.658998,17.841239023667114,17.84123883381473,319.1923076923077
348000,1.1112112,0.00019999855,-22.596798,11.832488282638437,11.832488347070106,222.85294117647058
349000,1.2275199,0.00019999855,4.5738897,-220.3878381222065,-220.38783745647046,265.0943396226415
350000,1.2870253,0.00019999855,18.486565,17.131370278135424,17.131370238363257,303.258064516129
351000,1.2537717,0.00019999855,22.947565,12.646902568638325,12.646902587893809,246.16129032258064
352000,1.223636,0.00019999855,24.162945,13.810305725125705,13.810305802790099,253.5
353000,1.351771,0.00019999855,5.7748256,160.06936570979124,160.06936708226064,259.7241379310345
354000,1.2630366,0.00019999855,10.720699,12.428441435975188,12.428441372649264,245.08823529411765
355000,1.1717294,0.00019999855,22.245953,13.404071659811082,13.40407167080358,252.0
356000,1.1297419,0.00019999855,29.123386,18.018402338027954,18.018402366762874,324.82608695652175
357000,1.211686,0.00019999855,13.361352,181.79082558800778,181.79082414338177,339.8333333333333
358000,1.2350683,0.00019999855,19.105011,11.654301172494888,11.654301207790338,224.28571428571428
359000,1.0695626,0.00019999855,36.03736,16.425760944684345,16.425760914570205,309.1111111111111
360000,1.0185624,0.00019999851,47.203064,16.640120273544674,16.64012033865225,304.7142857142857
361000,1.3611722,0.00019999851,11.001168,317.0262764252045,317.02627404380706,462.02272727272725
362000,1.2763532,0.00019999851,-16.901281,13.431105693181356,13.431105821029039,260.22222222222223
363000,1.2639624,0.00019999851,-31.829897,13.27936575827854,13.279365764268912,258.67857142857144
364000,1.2531042,0.00019999851,-40.980175,16.956903212269147,16.956903144748576,323.9
365000,1.1798599,0.00019999851,-16.164015,-266.0168036730314,-266.0168014240324,253.57142857142858
366000,1.1180154,0.00019999851,-51.98395,11.840658746221486,11.840658697313623,232.08823529411765
367000,1.0877205,0.00019999851,-77.58918,17.02739407370488,17.02739414803501,306.625
368000,1.091886,0.00019999851,-86.66314,12.025177947112493,12.025177931340725,232.67857142857142
369000,1.2730058,0.00019999851,-4.1942873,-682.0200654491782,-682.0200672653046,382.68888888888887
370000,1.323018,0.00019999851,19.311563,14.7508533250901,14.750853306513084,277.1290322580645
371000,1.3120679,0.00019999851,22.771435,15.732914183288813,15.732914182087601,291.09375
372000,1.2605698,0.00019999851,17.41347,10.281511997565245,10.28151194371523,206.10256410256412
373000,1.3497463,0.00019999851,7.5604377,138.69922638182783,138.69922742112314,278.9019607843137
374000,1.3141125,0.00019999851,18.457926,17.34180540419542,17.341805425577903,328.2692307692308
375000,1.294794,0.0001999985,23.577261,12.82671185700517,12.826711813622458,243.0
376000,1.2969253,0.0001999985,25.273037,8.481625943051444,8.481625950785656,175.3111111111111
377000,1.3980101,0.0001999985,6.5447493,188.235666379167,188.23566665888913,304.8888888888889
378000,1.4040321,0.00019999848,3.585477,12.541163632363984,12.54116372013382,238.63636363636363
379000,1.3701285,0.00019999848,3.4815354,11.96963057686121,11.96963056562287,228.6153846153846
380000,1.1845577,0.00019999848,-15.565256,15.324042788147926,15.324042911644717,283.6333333333333
381000,1.3095773,0.00019999848,-16.611763,-66.02790065969413,-66.02790057492558,331.0
382000,1.3461416,0.00019999848,-30.566082,15.521865646426495,15.521865709640355,295.7692307692308
383000,1.3264086,0.00019999848,-36.318676,15.913222312927246,15.91322222507278,294.0
384000,1.2362664,0.00019999848,-36.34842,16.44116911664605,16.441169014973745,297.03125
385000,1.3811743,0.00019999848,0.44769233,-491.2198232089868,-491.2198193894784,400.34375
386000,1.3008159,0.00019999848,-8.954985,10.858576657871405,10.85857666906049,214.05555555555554
387000,1.2898583,0.00019999848,-4.6474705,10.710321002884916,10.710320958904067,216.39473684210526
388000,1.1984004,0.00019999848,-43.070244,12.538563985515523,12.538563868369026,249.74074074074073
389000,1.2299064,0.00019999848,-10.987175,-250.85591481954737,-250.85591647749024,479.0
390000,1.2107625,0.00019999848,-14.100345,12.36552717031971,12.36552715097668,237.8709677419355
391000,1.124005,0.00019999848,0.23096631,11.825138980788845,11.825139088907738,229.03571428571428
392000,1.0445842,0.00019999848,-58.48521,14.425475192921501,14.42547513482607,275.82142857142856
393000,1.3794912,0.00019999844,-18.160982,-342.5813841614872,-342.5813832574335,561.125
394000,1.3170763,0.00019999844,-35.095264,13.345462668326594,13.34546265072738,260.3225806451613
395000,1.1816504,0.00019999844,-69.49071,16.806646720721172,16.806646710791654,315.96153846153845
396000,1.031063,0.00019999844,-70.5924,14.743929865183654,14.74392992721974,279.1111111111111
397000,1.2435906,0.00019999844,-24.732904,-835.5353030671675,-835.5353064923167,486.9
398000,1.2913909,0.00019999844,-31.576675,15.142176104443413,15.142176072735172,284.35714285714283
399000,1.2507005,0.00019999844,-39.607143,12.916229522062672,12.916229544087205,244.83333333333334
400000,1.214635,0.00019999844,-45.240494,14.478025970251664,14.478025950526483,276.0
401000,1.3512512,0.00019999841,-6.0493226,-448.9606475434624,-448.9606503896933,461.71794871794873
402000,1.372082,0.00019999835,3.5836296,9.561161354861476,9.561161405885816,194.3409090909091
403000,1.3580068,0.00019999835,3.476179,13.15059584658593,13.150595824341885,249.5
404000,1.3317324,0.00019999835,3.4608924,15.517171635627747,15.517171659639926,287.44
405000,1.3908309,0.00019999835,3.8195298,10.888180188676143,10.888180221902845,323.6595744680851
406000,1.3806899,0.00019999835,3.9027147,11.841310133536657,11.841310137875524,224.26666666666668
407000,1.4315895,0.00019999835,3.9354289,16.559239774942398,16.55923971034563,300.9
408000,1.4417803,0.00019999832,3.8999343,18.846939827165297,18.846939908978584,334.48387096774195
409000,1.2971404,0.00019999832,8.025628,10.546929971679397,10.546929967470954,203.58695652173913
410000,1.1641172,0.00019999832,4.566724,12.427281096126094,12.427281211027541,234.63636363636363
411000,1.1205556,0.00019999832,-12.508532,14.103027093410493,14.103027080583889,259.2
412000,1.0993642,0.00019999832,-20.514254,14.071090668439865,14.071090678712592,259.26666666666665
413000,1.2124548,0.00019999832,2.010569,-88.55596081598809,-88.55596090578828,407.94736842105266
414000,1.2367673,0.00019999832,3.6638317,14.827815736493756,14.827815722152346,272.83870967741933
415000,1.2423817,0.00019999832,3.6273973,12.416481034623253,12.416481056827083,231.74074074074073
416000,1.2326988,0.00019999832,3.7390387,16.466453408372814,16.466453430017683,293.7241379310345
417000,1.327905,0.00019999828,4.0899305,12.273715421971348,12.273715376280924,393.5111111111111
418000,1.232017,0.00019999828,6.1690803,11.75819945415935,11.758199507764473,223.51351351351352
419000,1.1073639,0.00019999828,-7.4530697,13.308702093713423,13.3087021571423,247.05882352941177
420000,1.1426145,0.00019999828,-24.72632,17.54225702239917,17.542257017994757,311.0769230769231
421000,1.2810965,0.00019999828,-3.045006,-106.30553517801066,-106.30553288880388,308.92857142857144
422000,1.3012797,0.00019999828,3.5762181,12.654904974831474,12.654904985902903,239.80555555555554
423000,1.3036711,0.00019999828,3.5101378,14.339557125336594,14.339557069191509,266.4166666666667
424000,1.2742587,0.00019999828,3.5823443,10.521960550393814,10.521960648396584,200.15384615384616
425000,1.2419142,0.00019999828,8.935834,12.241274862322543,12.241274879747875,305.53333333333336
426000,1.2205412,0.00019999828,20.883005,15.271911774761975,15.271911724985948,276.90625
427000,1.2686243,0.00019999828,25.969275,19.757351702970006,19.757351724572377,350.3478260869565
428000,1.2299795,0.00019999828,25.636702,14.537767630634885,14.537767701563725,269.969696969697
429000,1.1369218,0.00019999828,12.817161,243.97269788706626,243.97269607585602,327.05405405405406
430000,1.1613777,0.00019999828,22.487797,22.000455583844865,22.000455553191202,379.95238095238096
431000,1.1604251,0.00019999828,25.170143,19.149891566485167,19.149891599207894,337.2916666666667
432000,1.0828133,0.00019999826,26.800726,12.44706019182359,12.447060185954687,233.6451612903226
433000,1.2499757,0.00019999826,-3.7964215,224.19703519685058,224.19703629001893,420.0975609756098
434000,1.1183271,0.00019999826,-37.72918,8.527199132938167,8.52719917698005,174.6122448979592
435000,1.1381088,0.00019999825,-72.07702,13.09765919248263,13.09765916428604,253.5
436000,1.0755521,0.00019999825,-80.38386,11.137125355166358,11.137125291910884,218.72972972972974
437000,1.3595406,0.00019999825,-8.036869,-717.0810689102557,-717.0810691058107,408.6756756756757
438000,1.4497352,0.00019999825,4.01474,14.417227632905307,14.41722763315979,270.94736842105266
439000,1.4711531,0.00019999825,4.1083484,16.876089222472288,16.876089217363482,312.0344827586207
440000,1.4421277,0.00019999825,4.0175767,14.7479620599433,14.747962124705987,277.89473684210526
441000,1.3583835,0.00019999825,3.686102,8.146800067964389,8.146800012582169,171.52542372881356
442000,1.4590136,0.00019999825,4.3776608,20.118328886536453,20.118328795464997,355.0
443000,1.4282625,0.00019999825,4.14333,13.68539976576964,13.685399779367417,250.5
444000,1.4023272,0.00019999825,3.8836663,14.20192733832768,14.20192729478975,267.26190476190476
445000,1.3932592,0.00019999825,4.1486716,12.957025200128555,12.95702520827028,240.57894736842104
446000,1.372659,0.00019999825,3.9314969,13.2940340158416,13.294034017568926,250.82926829268294
447000,1.337897,0.00019999825,4.076817,14.85265318211168,14.852653186492848,266.59375
448000,0.9284252,0.00019999825,5.588387,9.85720612140412,9.857206073007934,193.2127659574468
449000,0.9390421,0.00019999823,-14.033879,16.683957043476404,16.683958072297447,250.1
450000,0.8744061,0.0001999982,-46.2181,11.430408353767087,11.430408243592828,217.61290322580646
451000,0.78950024,0.0001999982,-48.165264,5.9876639658496495,5.987663993135863,135.14285714285714
452000,0.6560795,0.0001999982,-65.81608,8.645199914063726,8.645199902428292,176.39285714285714
453000,0.9346061,0.0001999982,-38.9826,-584.5735299932056,-584.5735351953643,490.72093023255815
454000,1.0262723,0.0001999982,-16.035954,24.874582979608984,24.87458266091162,424.2352941176471
455000,1.0281926,0.0001999982,-22.937853,13.862754759965119,13.862754718031006,253.96296296296296
456000,1.0004742,0.0001999982,-32.51805,15.22218080667349,15.222180825285127,277.0
457000,1.3077236,0.0001999982,5.9852486,-223.81787535619168,-223.81787315993557,475.8809523809524
458000,1.4048402,0.0001999982,4.1193237,11.591589278118176,11.59158929807868,219.95454545454547
459000,1.4153223,0.0001999982,3.7882366,11.132993805408478,11.132993855259997,212.48
460000,1.4059302,0.0001999982,3.9697711,12.088825390059897,12.08882533348229,226.3404255319149
461000,1.3420714,0.0001999982,3.74372,10.850133663720705,10.850133651984253,204.22727272727272
462000,1.2391176,0.00019999818,-20.590689,13.711929038167,13.71192908618221,250.40625
463000,1.2349563,0.00019999818,-37.438053,15.414044309046961,15.414044252754461,284.03225806451616
464000,1.0558453,0.00019999813,-43.324383,13.196334347128868,13.196334341945423,245.27777777777777
465000,1.129604,0.00019999809,-16.7907,-327.568319527389,-327.568319968694,280.3488372093023
466000,1.1575925,0.00019999809,-31.039543,11.90719325741132,11.907193236306092,229.2
467000,1.1874695,0.00019999809,-35.512127,13.783565241843462,13.78356526823454,258.3125
468000,0.8473005,0.00019999809,-25.77561,10.605449656353278,10.605449679200246,207.44117647058823
469000,0.73830456,0.00019999809,1.4626005,-465.4267965210923,-465.42679604013983,413.0
470000,0.72887146,0.00019999809,19.589624,13.685840731575375,13.685840738606377,251.52380952380952
471000,0.73090684,0.00019999809,22.01018,16.78994693358739,16.78994698773936,305.0
472000,0.7418545,0.00019999809,28.262833,15.807909937465892,15.80790989187735,284.2352941176471
473000,1.1273608,0.00019999809,-3.4051368,233.98523050747238,233.9852360949258,679.6923076923077
474000,1.2567598,0.00019999809,-33.80657,14.360149471637081,14.360149523980287,268.70588235294116
475000,1.0048468,0.00019999809,-43.49662,8.588509568641353,8.588509586536828,174.97674418604652
476000,0.85501194,0.00019999804,-49.81114,12.372754676983906,12.372754826250002,235.03846153846155
477000,1.0931334,0.00019999803,-10.3053255,-396.96010424319485,-396.960106299093,368.65909090909093
478000,1.1811304,0.00019999803,-13.893608,17.114054678574853,17.114054636203086,324.95652173913044
479000,1.0773624,0.00019999803,-35.8666,16.572897230203335,16.572897375072426,306.9230769230769
480000,0.8829166,0.00019999803,-48.029728,10.535757358585085,10.535757256981269,210.53571428571428
481000,1.0692868,0.00019999803,-3.7651193,-337.2794866838407,-337.2794887015101,448.39473684210526
482000,1.0052352,0.00019999803,3.8441179,10.809039431313673,10.809039453883246,218.41666666666666
483000,0.76099026,0.00019999803,-7.6349063,8.30135301152865,8.301352942970388,173.86666666666667
484000,0.5775538,0.00019999803,-10.627062,11.678527183392468,11.678527025927531,226.47058823529412
485000,1.0112956,0.00019999803,1.0703721,-14.113710117783953,-14.11371063308592,484.40425531914894
486000,1.0817317,0.00019999803,-3.3294005,8.81952061338557,8.819520517040013,184.77777777777777
487000,1.0124127,0.00019999803,6.0496864,14.567498783767224,14.567498864087531,278.3
488000,1.0275439,0.00019999803,13.971009,16.208714029192926,16.208713909958533,308.55
489000,1.2277881,0.00019999803,10.8243885,43.23272420846754,43.23272398848948,503.9111111111111
490000,1.2229091,0.00019999803,36.405655,14.163779839873314,14.16377988380961,280.2083333333333
491000,1.2184498,0.00019999803,46.070347,13.528998326870703,13.52899825890778,264.06451612903226
492000,1.1914077,0.00019999803,48.079037,12.295453526292528,12.29545348348454,243.62857142857143
493000,1.3146735,0.00019999803,12.409392,339.1288785884778,339.12887785353973,311.8958333333333
494000,1.394419,0.00019999802,3.772208,11.70662773725314,11.70662773254036,234.17948717948718
495000,1.3358649,0.000199998,3.6856668,9.803733039564557,9.803733053765797,198.93333333333334
496000,1.2374451,0.000199998,4.432633,10.74715401728948,10.747154086213795,217.74358974358975
497000,1.1580573,0.000199998,-8.048923,15.12286568769053,15.122865636912588,267.2549019607843
498000,1.0270915,0.000199998,-26.742981,10.066813216064915,10.066813223454842,211.0
499000,0.93320936,0.000199998,-43.839977,11.797730429606004,11.79773045595514,225.63636363636363
500000,0.83011,0.000199998,-64.167755,10.108404639466055,10.108404688225171,203.41379310344828
501000,1.1507031,0.000199998,-16.57573,-361.27496437847617,-361.27496786775527,370.8
502000,1.2073002,0.000199998,-33.04989,12.0200794970288,12.020079561738484,226.2941176470588
503000,1.2411239,0.000199998,-39.416737,15.338705592496055,15.338705538877408,280.9428571428571
504000,1.1839712,0.000199998,-45.496777,11.470668883742514,11.47066893016603,223.45945945945945
505000,1.0912243,0.000199998,-13.045898,-325.18450989467755,-325.18451057802224,257.18367346938777
506000,1.0830868,0.000199998,-16.896414,12.719004097484774,12.719004111369273,246.25806451612902
507000,1.0944179,0.000199998,-21.99566,11.960063055985504,11.960063088054495,230.55555555555554
508000,1.0841349,0.000199998,-34.045284,12.144672943279147,12.144672828269364,232.3125
509000,1.2195363,0.00019999797,-13.503595,-218.56610450666884,-218.56610405173595,367.5652173913044
510000,1.265851,0.00019999797,-31.709543,15.861085788957004,15.861085803223084,289.7931034482759
511000,1.2573534,0.00019999797,-43.092464,12.782732792389698,12.782732759070774,244.87179487179486
512000,1.247695,0.00019999797,-48.574585,13.75787290558219,13.757872886164336,260.34375
513000,1.1807894,0.00019999797,-17.737677,-252.6216543027988,-252.62165352013812,202.66153846153847
514000,1.1340215,0.00019999797,-35.54145,10.720978504572159,10.720978488219433,208.53846153846155
515000,1.0008366,0.00019999797,-66.95765,14.4428718823653,14.44287192405221,264.4230769230769
516000,0.8962688,0.00019999797,-89.282616,15.722652156244624,15.72265198237182,290.6818181818182
517000,1.1020755,0.00019999797,-21.51231,-581.1039470867032,-581.1039424082874,398.9047619047619
518000,1.0846645,0.00019999788,-21.161026,11.99468063180511,11.994680632010823,227.9189189189189
519000,1.0866257,0.00019999788,-20.445522,14.83611478904883,14.83611475076354,267.73333333333335
520000,1.0642617,0.00019999788,-24.974373,12.17641063959434,12.176410636222881,236.68965517241378
521000,0.98337805,0.00019999788,9.313625,-269.93825707776205,-269.93825548388526,417.6
522000,0.9794328,0.00019999788,39.764458,10.949902903507738,10.94990292760137,213.02941176470588
523000,1.0054659,0.00019999788,47.101265,14.240231219265196,14.24023126892807,259.77777777777777
524000,1.00714,0.00019999786,51.456825,13.455471313661999,13.455471328004435,248.55555555555554
525000,1.0801243,0.00019999786,10.479162,400.9504602387209,400.9504604553855,457.3636363636364
526000,1.0785532,0.00019999786,12.52927,12.423136323690414,12.423136249367797,233.78125
527000,1.1177185,0.00019999786,23.279562,21.90578197297596,21.90578189866684,378.04761904761904
528000,1.0741968,0.00019999786,18.129322,14.102047357956568,14.102047259313728,259.8666666666667
529000,1.1746117,0.00019999786,5.3961544,73.8572230224426,73.85722317537785,269.5230769230769
530000,1.1574422,0.00019999786,14.592134,16.06510621110598,16.065106187209388,286.3666666666667
531000,1.0676185,0.00019999786,12.54567,15.21201354779046,15.21201354061405,279.3448275862069
532000,1.0515864,0.00019999786,-10.47705,9.163950321409438,9.163950237350582,179.22222222222223
533000,1.1730014,0.00019999781,6.254449,25.48645876975436,25.48645484041904,340.42105263157896
534000,1.2356288,0.00019999781,22.32055,14.799804198555648,14.799804130329107,273.96875
535000,1.2252706,0.00019999781,25.187864,14.547701077930855,14.547701078648108,273.57575757575756
536000,1.2129451,0.00019999781,28.03803,13.477435671018831,13.477435644185231,256.3333333333333
537000,1.2882322,0.00019999781,8.59378,221.31025504870783,221.31025600061076,325.5238095238095
538000,1.2761467,0.00019999781,3.9797745,12.2423418538911,12.242341852469664,232.8
539000,1.2399614,0.00019999781,3.6513698,11.215392667461526,11.215392679872423,218.27272727272728
540000,1.2497913,0.00019999781,3.7201989,12.949742314490406,12.949742358683153,250.36363636363637
541000,1.3396592,0.00019999781,4.0806484,12.56736368616653,12.567363593475811,311.04651162790697
542000,1.3203489,0.00019999781,3.74818,10.762441236687744,10.762441182972946,213.5
543000,1.3131981,0.00019999781,3.6968088,13.557869829237461,13.557869818328163,250.975
544000,1.2576355,0.00019999781,14.9732895,13.954622591695477,13.954622575222164,266.2903225806452
545000,1.3689654,0.00019999781,7.8156443,45.464903569883774,45.46490333920368,229.3111111111111
546000,1.4229425,0.00019999781,4.388535,18.57953169103712,18.579531797143396,335.75
547000,1.372201,0.00019999781,4.0053744,16.04130684175799,16.041306879001016,295.0
548000,1.2900623,0.0001999978,3.9738593,14.073641954921186,14.073641829883009,264.5625
549000,1.2389202,0.0001999978,4.741968,11.062081170794757,11.062081205838917,246.58695652173913
550000,1.2420655,0.0001999978,20.340042,13.758365240060922,13.758365245149648,262.06060606060606
551000,1.312329,0.00019999778,23.890574,18.311464379231136,18.311464440117433,331.6666666666667
552000,1.3271487,0.00019999778,17.089533,16.825719715229102,16.82571970944313,312.4642857142857
553000,1.3950344,0.00019999778,5.466577,161.03678062390537,161.0367812891171,326.075
554000,1.404805,0.00019999778,4.2423916,15.074962027145155,15.07496198474126,278.3333333333333
555000,1.3541301,0.00019999778,3.774736,13.751006721772931,13.75100664141521,254.36363636363637
556000,1.3297688,0.00019999778,4.0766487,14.23566589811269,14.235665817680069,268.02941176470586
557000,1.3260108,0.00019999778,3.9898667,13.06262202799147,13.062621983657795,240.72093023255815
558000,1.2193792,0.00019999778,-14.816607,11.338895511627197,11.338895503353125,216.4
559000,1.0420823,0.00019999778,-28.850842,9.1706009818749,9.17060103030355,182.79545454545453
560000,0.88376266,0.00019999778,6.9439015,14.203901515765624,14.203901501824124,271.95454545454544
561000,1.2776018,0.00019999778,14.692702,-102.69922754575113,-102.69923215377027,353.1951219512195
562000,1.2810547,0.00019999778,10.131749,17.92839515954256,17.92839523313727,325.0625
563000,1.1913261,0.00019999778,19.817236,10.698295873734686,10.69829586976524,211.86666666666667
564000,1.2093033,0.00019999778,26.08515,13.695987020619214,13.695986997910907,257.4375
565000,1.1445844,0.00019999778,13.634574,150.80107363277958,150.80107430827994,295.35714285714283
566000,1.0430547,0.00019999774,21.698431,12.721148351536078,12.721148335468403,243.23529411764707
567000,0.99015075,0.00019999774,17.579966,14.289483663226877,14.28948361833658,259.32142857142856
568000,0.90135884,0.00019999774,5.0653825,11.480063931809532,11.480063879290153,224.03703703703704
569000,1.119856,0.00019999774,1.7885022,129.89552152901888,129.89551980044592,449.7368421052632
570000,1.214902,0.00019999774,3.373418,17.37511541366577,17.37511552527365,311.24
571000,1.1849746,0.00019999774,3.3967726,16.562554491062958,16.56255454259006,301.625
572000,1.1960827,0.00019999774,3.5707343,23.255195075557346,23.255195000200306,403.6666666666667
573000,1.2063845,0.00019999774,7.188836,9.366250291839242,9.366250344115691,332.34
574000,1.0873471,0.00019999774,30.576788,14.85088559772287,14.850885540699737,272.17857142857144
575000,0.8916896,0.00019999774,44.297596,13.470630950079514,13.470630870935967,256.65384615384613
576000,0.8024553,0.00019999774,25.406015,13.27968963539159,13.279689570179917,249.59259259259258
577000,1.1784304,0.00019999772,2.485522,193.15060325265574,193.15060319686438,330.9310344827586
578000,1.2972478,0.00019999771,3.8192492,12.454919616878033,12.45491960838578,237.875
579000,1.3078456,0.00019999771,3.836283,14.076029274109247,14.076029187363265,264.8378378378378
580000,1.2493049,0.00019999768,3.909695,11.123531298581945,11.12353131569245,216.34883720930233
581000,1.141931,0.00019999762,-4.1312327,11.486021673425714,11.48602162747531,186.2127659574468
582000,1.1180222,0.00019999762,-29.316116,10.412583247448007,10.412583261641439,202.39583333333334
583000,1.012485,0.00019999762,-47.644005,13.611887719701318,13.61188780618373,246.47058823529412
584000,0.872369,0.00019999762,-64.788246,9.673892257942093,9.67389215918439,189.69444444444446
585000,0.8590908,0.00019999762,-16.734962,-442.9821503875341,-442.98215458046315,299.72340425531917
586000,0.771568,0.00019999762,-36.94448,11.204918150901795,11.204918057201612,216.04
587000,0.7789675,0.00019999762,-62.936264,13.964738425754366,13.964738602019949,255.33333333333334
588000,0.8010813,0.00019999762,-68.589294,19.41781005577037,19.417810155323053,339.57894736842104
589000,0.93633693,0.00019999762,-9.590376,-546.9271576763728,-546.9271544933735,573.4871794871794
590000,0.77786916,0.00019999762,-17.914505,10.91383712987105,10.913837115209622,217.20833333333334
591000,0.7764471,0.00019999762,-61.11012,11.415731197223067,11.415731227670012,216.03125
592000,0.7817462,0.00019999761,-35.155525,15.81919906437397,15.819198996021623,288.4
593000,1.0372173,0.0001999976,-27.465189,-314.7982852518057,-314.7982869516351,409.25
594000,1.1572566,0.0001999976,-31.746143,15.008975552394986,15.008975558330297,279.21875
595000,1.1257625,0.0001999976,-41.971348,12.631095943482299,12.631095874608922,236.76315789473685
596000,1.1239626,0.0001999976,-42.764072,11.399353932009802,11.399353904429997,213.26666666666668
597000,1.1288521,0.0001999976,-6.2018723,-355.60203856850666,-355.60204242506614,251.39583333333334
598000,1.0549526,0.0001999976,-26.60569,11.34146293087138,11.341462966182307,214.94444444444446
599000,1.0481575,0.0001999976,-37.704933,15.195666697621345,15.195666795117472,277.43333333333334
600000,1.046962,0.0001999976,-46.393124,15.888255158662796,15.888255289954504,292.44
601000,1.1206281,0.0001999976,0.31244066,-358.13285801859524,-358.13285809319467,414.4878048780488
602000,1.1732026,0.0001999976,19.850056,11.303945723103315,11.303945706206028,209.85365853658536
603000,1.0894724,0.0001999976,8.566298,11.930072694055495,11.930072716549951,224.51612903225808
604000,1.0131904,0.0001999976,-9.439487,11.74100139660713,11.741001352653862,225.3846153846154
605000,1.04817,0.0001999976,1.5827895,33.44623174450614,33.44623350887633,238.03636363636363
606000,1.0992776,0.0001999976,20.11999,13.465389283434037,13.465389269898296,250.48387096774192
607000,1.0803169,0.00019999758,24.891237,13.366872896466937,13.366872918959052,246.25714285714287
608000,0.92964065,0.00019999756,36.35932,10.747706266966732,10.747706223191113,215.3939393939394
609000,1.1774194,0.00019999756,11.021519,302.46514546956337,302.46514357939697,471.34285714285716
610000,1.1531856,0.00019999756,1.0847569,14.130009347025085,14.130009479460067,262.9117647058824
611000,1.0345199,0.00019999756,-24.368803,12.539902680553496,12.539902658859447,232.90625
612000,0.92217857,0.00019999756,-45.56308,14.455023745010639,14.455023761916875,264.82758620689657
613000,1.1818874,0.00019999756,4.970442,-151.56281824303525,-151.56281782845446,291.01785714285717
614000,1.212066,0.00019999756,3.7550488,13.19411499530841,13.194114928154518,253.25641025641025
615000,1.1673493,0.00019999756,3.1600976,12.20941467232564,12.209414653836983,231.5
616000,1.0833809,0.00019999756,-2.8429613,12.970476072846036,12.970476038326535,237.03030303030303
617000,1.2194498,0.00019999756,2.0880258,-8.973159866576845,-8.97315994394096,309.47727272727275
618000,1.1582069,0.00019999756,-3.4990466,14.325561036382403,14.325561059099002,255.05714285714285
619000,1.1690818,0.00019999756,-24.474787,13.475140609060015,13.475140598333908,250.57142857142858
620000,1.1452417,0.00019999756,-41.797363,11.520655019161028,11.520655000879072,220.87179487179486
621000,1.1781237,0.00019999756,0.94422597,-215.01879093050957,-215.01879338296493,274.75555555555553
622000,1.2218473,0.00019999756,20.275434,13.304902810709818,13.304902829485822,245.42857142857142
623000,1.1546023,0.00019999756,24.532877,13.145814720926614,13.145814694467896,244.06896551724137
624000,1.0414991,0.00019999756,39.45238,20.812661796808243,20.81266194926993,366.55
625000,1.2767891,0.00019999752,12.611306,262.8403410177405,262.84033891169724,398.0487804878049
626000,1.3846647,0.0001999975,3.7210612,14.605107517540455,14.60510745816004,269.9
627000,1.2502229,0.0001999975,7.479647,16.571713310480117,16.57171339315294,310.52
628000,1.2632079,0.0001999975,22.006392,13.20164601661657,13.201646030905138,250.1578947368421
629000,1.2763437,0.0001999975,8.651961,65.91536810319379,65.9153679691513,186.18867924528303
630000,1.280929,0.0001999975,3.4885418,13.556532239498095,13.556532195322138,253.74418604651163
631000,1.138472,0.0001999975,14.304466,8.79462942951604,8.79462944598328,183.21052631578948
632000,1.0662718,0.0001999975,36.491062,11.46924258954823,11.469242635971959,216.9375
633000,1.194158,0.0001999975,17.33076,149.08904380056748,149.08904470645152,348.13953488372096
